ISO-10303-21;
HEADER;

/* File generated by Shapr3D Version 26.100.11031.0 */

FILE_DESCRIPTION(('HOOPS Exchange Step'),'2;1');

FILE_NAME('C:\\Users\\cybdo\\AppData\\Local\\Packages\\Shapr3D.Shapr3D_j403pzjkqtqbj\\TempState\\export\\temp_export',
'2026-06-21T21:15:54+10:00',
('cybdo'),
('Shapr3D Limited'),
'HOOPS Exchange 2026.3',
'Shapr3D',
'Authorized');

FILE_SCHEMA( ('AP242_MANAGED_MODEL_BASED_3D_ENGINEERING_MIM_LF {1 0 10303 442 1 1 4}') );

ENDSEC;

DATA;
#3=(NAMED_UNIT(*)PLANE_ANGLE_UNIT()SI_UNIT($,.RADIAN.));
#4=PLANE_ANGLE_MEASURE_WITH_UNIT(PLANE_ANGLE_MEASURE(0.0174532925),#3);
#5=(CONVERSION_BASED_UNIT('DEGREE',#4)NAMED_UNIT(#6)PLANE_ANGLE_UNIT());
#6=DIMENSIONAL_EXPONENTS(0.,0.,0.,0.,0.,0.,0.);
#7=(NAMED_UNIT(*)SI_UNIT($,.STERADIAN.)SOLID_ANGLE_UNIT());
#8=(LENGTH_UNIT()NAMED_UNIT(*)SI_UNIT(.MILLI.,.METRE.));
#9=UNCERTAINTY_MEASURE_WITH_UNIT(LENGTH_MEASURE(1.000000E-05),#8,'DISTANCE_ACCURACY_VALUE','Maximum Tolerance applied to model');
#10=(GEOMETRIC_REPRESENTATION_CONTEXT(3)GLOBAL_UNCERTAINTY_ASSIGNED_CONTEXT((#9))GLOBAL_UNIT_ASSIGNED_CONTEXT((#8,#5,#7))REPRESENTATION_CONTEXT('','root'));
#12=CARTESIAN_POINT('',(0.,0.,0.));
#13=DIRECTION('',(0.,0.,1.));
#14=DIRECTION('',(1.,0.,0.));
#15=AXIS2_PLACEMENT_3D('',#12,#13,#14);
#27=CARTESIAN_POINT('',(620.,60.,-5.));
#28=DIRECTION('',(-1.,0.,0.));
#29=DIRECTION('',(0.,0.,1.));
#30=AXIS2_PLACEMENT_3D('',#27,#28,#29);
#31=PLANE('',#30);
#32=CARTESIAN_POINT('',(620.,118.,0.));
#33=VERTEX_POINT('',#32);
#34=CARTESIAN_POINT('',(620.,2.,0.));
#35=VERTEX_POINT('',#34);
#36=CARTESIAN_POINT('',(620.,118.,0.));
#37=DIRECTION('',(0.,-1.,0.));
#38=VECTOR('',#37,116.);
#39=LINE('',#36,#38);
#40=EDGE_CURVE('',#33,#35,#39,.T.);
#41=ORIENTED_EDGE('',*,*,#40,.F.);
#42=CARTESIAN_POINT('',(620.,118.,-29.883333333));
#43=VERTEX_POINT('',#42);
#44=CARTESIAN_POINT('',(620.,118.,0.));
#45=DIRECTION('',(-0.,-0.,-1.));
#46=VECTOR('',#45,29.883333333);
#47=LINE('',#44,#46);
#48=EDGE_CURVE('',#33,#43,#47,.T.);
#49=ORIENTED_EDGE('',*,*,#48,.T.);
#50=CARTESIAN_POINT('',(620.,2.,-23.116666667));
#51=VERTEX_POINT('',#50);
#52=CARTESIAN_POINT('',(620.,2.,-23.116666667));
#53=DIRECTION('',(0.,0.998302941,-0.058234338));
#54=VECTOR('',#53,116.197193502);
#55=LINE('',#52,#54);
#56=EDGE_CURVE('',#51,#43,#55,.T.);
#57=ORIENTED_EDGE('',*,*,#56,.F.);
#58=CARTESIAN_POINT('',(620.,2.,-23.116666667));
#59=DIRECTION('',(0.,0.,1.));
#60=VECTOR('',#59,23.116666667);
#61=LINE('',#58,#60);
#62=EDGE_CURVE('',#51,#35,#61,.T.);
#63=ORIENTED_EDGE('',*,*,#62,.T.);
#64=EDGE_LOOP('',(#41,#49,#57,#63));
#65=FACE_BOUND('',#64,.T.);
#66=CARTESIAN_POINT('',(620.,19.8,-14.25));
#67=VERTEX_POINT('',#66);
#68=CARTESIAN_POINT('',(620.,34.2,-14.25));
#69=VERTEX_POINT('',#68);
#70=CARTESIAN_POINT('',(620.,19.8,-14.25));
#71=DIRECTION('',(0.,1.,-0.));
#72=VECTOR('',#71,14.4);
#73=LINE('',#70,#72);
#74=EDGE_CURVE('',#67,#69,#73,.T.);
#75=ORIENTED_EDGE('',*,*,#74,.T.);
#76=CARTESIAN_POINT('',(620.,34.2,-9.75));
#77=VERTEX_POINT('',#76);
#78=CARTESIAN_POINT('',(620.,34.2,-14.25));
#79=DIRECTION('',(0.,0.,1.));
#80=VECTOR('',#79,4.5);
#81=LINE('',#78,#80);
#82=EDGE_CURVE('',#69,#77,#81,.T.);
#83=ORIENTED_EDGE('',*,*,#82,.T.);
#84=CARTESIAN_POINT('',(620.,19.8,-9.75));
#85=VERTEX_POINT('',#84);
#86=CARTESIAN_POINT('',(620.,34.2,-9.75));
#87=DIRECTION('',(0.,-1.,0.));
#88=VECTOR('',#87,14.4);
#89=LINE('',#86,#88);
#90=EDGE_CURVE('',#77,#85,#89,.T.);
#91=ORIENTED_EDGE('',*,*,#90,.T.);
#92=CARTESIAN_POINT('',(620.,19.8,-9.75));
#93=DIRECTION('',(0.,-0.,-1.));
#94=VECTOR('',#93,4.5);
#95=LINE('',#92,#94);
#96=EDGE_CURVE('',#85,#67,#95,.T.);
#97=ORIENTED_EDGE('',*,*,#96,.T.);
#98=EDGE_LOOP('',(#75,#83,#91,#97));
#99=FACE_BOUND('',#98,.T.);
#100=CARTESIAN_POINT('',(620.,79.8,-14.25));
#101=VERTEX_POINT('',#100);
#102=CARTESIAN_POINT('',(620.,94.2,-14.25));
#103=VERTEX_POINT('',#102);
#104=CARTESIAN_POINT('',(620.,79.8,-14.25));
#105=DIRECTION('',(0.,1.,-0.));
#106=VECTOR('',#105,14.4);
#107=LINE('',#104,#106);
#108=EDGE_CURVE('',#101,#103,#107,.T.);
#109=ORIENTED_EDGE('',*,*,#108,.T.);
#110=CARTESIAN_POINT('',(620.,94.2,-9.75));
#111=VERTEX_POINT('',#110);
#112=CARTESIAN_POINT('',(620.,94.2,-14.25));
#113=DIRECTION('',(0.,0.,1.));
#114=VECTOR('',#113,4.5);
#115=LINE('',#112,#114);
#116=EDGE_CURVE('',#103,#111,#115,.T.);
#117=ORIENTED_EDGE('',*,*,#116,.T.);
#118=CARTESIAN_POINT('',(620.,79.8,-9.75));
#119=VERTEX_POINT('',#118);
#120=CARTESIAN_POINT('',(620.,94.2,-9.75));
#121=DIRECTION('',(0.,-1.,0.));
#122=VECTOR('',#121,14.4);
#123=LINE('',#120,#122);
#124=EDGE_CURVE('',#111,#119,#123,.T.);
#125=ORIENTED_EDGE('',*,*,#124,.T.);
#126=CARTESIAN_POINT('',(620.,79.8,-9.75));
#127=DIRECTION('',(0.,0.,-1.));
#128=VECTOR('',#127,4.5);
#129=LINE('',#126,#128);
#130=EDGE_CURVE('',#119,#101,#129,.T.);
#131=ORIENTED_EDGE('',*,*,#130,.T.);
#132=EDGE_LOOP('',(#109,#117,#125,#131));
#133=FACE_BOUND('',#132,.T.);
#134=ADVANCED_FACE('',(#65,#99,#133),#31,.T.);
#135=CARTESIAN_POINT('',(920.,60.,-5.));
#136=DIRECTION('',(1.,-0.,0.));
#137=DIRECTION('',(0.,1.,0.));
#138=AXIS2_PLACEMENT_3D('',#135,#136,#137);
#139=PLANE('',#138);
#140=CARTESIAN_POINT('',(920.,2.,0.));
#141=VERTEX_POINT('',#140);
#142=CARTESIAN_POINT('',(920.,118.,0.));
#143=VERTEX_POINT('',#142);
#144=CARTESIAN_POINT('',(920.,2.,0.));
#145=DIRECTION('',(0.,1.,0.));
#146=VECTOR('',#145,116.);
#147=LINE('',#144,#146);
#148=EDGE_CURVE('',#141,#143,#147,.T.);
#149=ORIENTED_EDGE('',*,*,#148,.F.);
#150=CARTESIAN_POINT('',(920.,2.,-23.116666667));
#151=VERTEX_POINT('',#150);
#152=CARTESIAN_POINT('',(920.,2.,0.));
#153=DIRECTION('',(-0.,-0.,-1.));
#154=VECTOR('',#153,23.116666667);
#155=LINE('',#152,#154);
#156=EDGE_CURVE('',#141,#151,#155,.T.);
#157=ORIENTED_EDGE('',*,*,#156,.T.);
#158=CARTESIAN_POINT('',(920.,118.,-29.883333333));
#159=VERTEX_POINT('',#158);
#160=CARTESIAN_POINT('',(920.,118.,-29.883333333));
#161=DIRECTION('',(-0.,-0.998302941,0.058234338));
#162=VECTOR('',#161,116.197193502);
#163=LINE('',#160,#162);
#164=EDGE_CURVE('',#159,#151,#163,.T.);
#165=ORIENTED_EDGE('',*,*,#164,.F.);
#166=CARTESIAN_POINT('',(920.,118.,-29.883333333));
#167=DIRECTION('',(0.,0.,1.));
#168=VECTOR('',#167,29.883333333);
#169=LINE('',#166,#168);
#170=EDGE_CURVE('',#159,#143,#169,.T.);
#171=ORIENTED_EDGE('',*,*,#170,.T.);
#172=EDGE_LOOP('',(#149,#157,#165,#171));
#173=FACE_BOUND('',#172,.T.);
#174=CARTESIAN_POINT('',(920.,19.8,-9.75));
#175=VERTEX_POINT('',#174);
#176=CARTESIAN_POINT('',(920.,34.2,-9.75));
#177=VERTEX_POINT('',#176);
#178=CARTESIAN_POINT('',(920.,19.8,-9.75));
#179=DIRECTION('',(0.,1.,-0.));
#180=VECTOR('',#179,14.4);
#181=LINE('',#178,#180);
#182=EDGE_CURVE('',#175,#177,#181,.T.);
#183=ORIENTED_EDGE('',*,*,#182,.T.);
#184=CARTESIAN_POINT('',(920.,34.2,-14.25));
#185=VERTEX_POINT('',#184);
#186=CARTESIAN_POINT('',(920.,34.2,-9.75));
#187=DIRECTION('',(0.,0.,-1.));
#188=VECTOR('',#187,4.5);
#189=LINE('',#186,#188);
#190=EDGE_CURVE('',#177,#185,#189,.T.);
#191=ORIENTED_EDGE('',*,*,#190,.T.);
#192=CARTESIAN_POINT('',(920.,19.8,-14.25));
#193=VERTEX_POINT('',#192);
#194=CARTESIAN_POINT('',(920.,34.2,-14.25));
#195=DIRECTION('',(-0.,-1.,0.));
#196=VECTOR('',#195,14.4);
#197=LINE('',#194,#196);
#198=EDGE_CURVE('',#185,#193,#197,.T.);
#199=ORIENTED_EDGE('',*,*,#198,.T.);
#200=CARTESIAN_POINT('',(920.,19.8,-14.25));
#201=DIRECTION('',(0.,0.,1.));
#202=VECTOR('',#201,4.5);
#203=LINE('',#200,#202);
#204=EDGE_CURVE('',#193,#175,#203,.T.);
#205=ORIENTED_EDGE('',*,*,#204,.T.);
#206=EDGE_LOOP('',(#183,#191,#199,#205));
#207=FACE_BOUND('',#206,.T.);
#208=CARTESIAN_POINT('',(920.,79.8,-9.75));
#209=VERTEX_POINT('',#208);
#210=CARTESIAN_POINT('',(920.,94.2,-9.75));
#211=VERTEX_POINT('',#210);
#212=CARTESIAN_POINT('',(920.,79.8,-9.75));
#213=DIRECTION('',(0.,1.,-0.));
#214=VECTOR('',#213,14.4);
#215=LINE('',#212,#214);
#216=EDGE_CURVE('',#209,#211,#215,.T.);
#217=ORIENTED_EDGE('',*,*,#216,.T.);
#218=CARTESIAN_POINT('',(920.,94.2,-14.25));
#219=VERTEX_POINT('',#218);
#220=CARTESIAN_POINT('',(920.,94.2,-9.75));
#221=DIRECTION('',(0.,0.,-1.));
#222=VECTOR('',#221,4.5);
#223=LINE('',#220,#222);
#224=EDGE_CURVE('',#211,#219,#223,.T.);
#225=ORIENTED_EDGE('',*,*,#224,.T.);
#226=CARTESIAN_POINT('',(920.,79.8,-14.25));
#227=VERTEX_POINT('',#226);
#228=CARTESIAN_POINT('',(920.,94.2,-14.25));
#229=DIRECTION('',(-0.,-1.,0.));
#230=VECTOR('',#229,14.4);
#231=LINE('',#228,#230);
#232=EDGE_CURVE('',#219,#227,#231,.T.);
#233=ORIENTED_EDGE('',*,*,#232,.T.);
#234=CARTESIAN_POINT('',(920.,79.8,-14.25));
#235=DIRECTION('',(0.,0.,1.));
#236=VECTOR('',#235,4.5);
#237=LINE('',#234,#236);
#238=EDGE_CURVE('',#227,#209,#237,.T.);
#239=ORIENTED_EDGE('',*,*,#238,.T.);
#240=EDGE_LOOP('',(#217,#225,#233,#239));
#241=FACE_BOUND('',#240,.T.);
#242=ADVANCED_FACE('',(#173,#207,#241),#139,.T.);
#243=CARTESIAN_POINT('',(917.,60.,-5.));
#244=DIRECTION('',(-1.,0.,0.));
#245=DIRECTION('',(0.,0.,1.));
#246=AXIS2_PLACEMENT_3D('',#243,#244,#245);
#247=PLANE('',#246);
#248=CARTESIAN_POINT('',(917.,3.,-23.175));
#249=VERTEX_POINT('',#248);
#250=CARTESIAN_POINT('',(917.,117.,-29.825));
#251=VERTEX_POINT('',#250);
#252=CARTESIAN_POINT('',(917.,3.,-23.175));
#253=DIRECTION('',(0.,0.998302941,-0.058234338));
#254=VECTOR('',#253,114.193793614);
#255=LINE('',#252,#254);
#256=EDGE_CURVE('',#249,#251,#255,.T.);
#257=ORIENTED_EDGE('',*,*,#256,.F.);
#258=CARTESIAN_POINT('',(917.,3.,-5.));
#259=VERTEX_POINT('',#258);
#260=CARTESIAN_POINT('',(917.,3.,-5.));
#261=DIRECTION('',(0.,0.,-1.));
#262=VECTOR('',#261,18.175);
#263=LINE('',#260,#262);
#264=EDGE_CURVE('',#259,#249,#263,.T.);
#265=ORIENTED_EDGE('',*,*,#264,.F.);
#266=CARTESIAN_POINT('',(917.,117.,-5.));
#267=VERTEX_POINT('',#266);
#268=CARTESIAN_POINT('',(917.,3.,-5.));
#269=DIRECTION('',(0.,1.,0.));
#270=VECTOR('',#269,114.);
#271=LINE('',#268,#270);
#272=EDGE_CURVE('',#259,#267,#271,.T.);
#273=ORIENTED_EDGE('',*,*,#272,.T.);
#274=CARTESIAN_POINT('',(917.,117.,-5.));
#275=DIRECTION('',(0.,0.,-1.));
#276=VECTOR('',#275,24.825);
#277=LINE('',#274,#276);
#278=EDGE_CURVE('',#267,#251,#277,.T.);
#279=ORIENTED_EDGE('',*,*,#278,.T.);
#280=EDGE_LOOP('',(#257,#265,#273,#279));
#281=FACE_BOUND('',#280,.T.);
#282=CARTESIAN_POINT('',(917.,19.8,-14.25));
#283=VERTEX_POINT('',#282);
#284=CARTESIAN_POINT('',(917.,34.2,-14.25));
#285=VERTEX_POINT('',#284);
#286=CARTESIAN_POINT('',(917.,19.8,-14.25));
#287=DIRECTION('',(0.,1.,-0.));
#288=VECTOR('',#287,14.4);
#289=LINE('',#286,#288);
#290=EDGE_CURVE('',#283,#285,#289,.T.);
#291=ORIENTED_EDGE('',*,*,#290,.T.);
#292=CARTESIAN_POINT('',(917.,34.2,-9.75));
#293=VERTEX_POINT('',#292);
#294=CARTESIAN_POINT('',(917.,34.2,-14.25));
#295=DIRECTION('',(0.,0.,1.));
#296=VECTOR('',#295,4.5);
#297=LINE('',#294,#296);
#298=EDGE_CURVE('',#285,#293,#297,.T.);
#299=ORIENTED_EDGE('',*,*,#298,.T.);
#300=CARTESIAN_POINT('',(917.,19.8,-9.75));
#301=VERTEX_POINT('',#300);
#302=CARTESIAN_POINT('',(917.,34.2,-9.75));
#303=DIRECTION('',(0.,-1.,0.));
#304=VECTOR('',#303,14.4);
#305=LINE('',#302,#304);
#306=EDGE_CURVE('',#293,#301,#305,.T.);
#307=ORIENTED_EDGE('',*,*,#306,.T.);
#308=CARTESIAN_POINT('',(917.,19.8,-9.75));
#309=DIRECTION('',(0.,-0.,-1.));
#310=VECTOR('',#309,4.5);
#311=LINE('',#308,#310);
#312=EDGE_CURVE('',#301,#283,#311,.T.);
#313=ORIENTED_EDGE('',*,*,#312,.T.);
#314=EDGE_LOOP('',(#291,#299,#307,#313));
#315=FACE_BOUND('',#314,.T.);
#316=CARTESIAN_POINT('',(917.,79.8,-14.25));
#317=VERTEX_POINT('',#316);
#318=CARTESIAN_POINT('',(917.,94.2,-14.25));
#319=VERTEX_POINT('',#318);
#320=CARTESIAN_POINT('',(917.,79.8,-14.25));
#321=DIRECTION('',(0.,1.,-0.));
#322=VECTOR('',#321,14.4);
#323=LINE('',#320,#322);
#324=EDGE_CURVE('',#317,#319,#323,.T.);
#325=ORIENTED_EDGE('',*,*,#324,.T.);
#326=CARTESIAN_POINT('',(917.,94.2,-9.75));
#327=VERTEX_POINT('',#326);
#328=CARTESIAN_POINT('',(917.,94.2,-14.25));
#329=DIRECTION('',(0.,0.,1.));
#330=VECTOR('',#329,4.5);
#331=LINE('',#328,#330);
#332=EDGE_CURVE('',#319,#327,#331,.T.);
#333=ORIENTED_EDGE('',*,*,#332,.T.);
#334=CARTESIAN_POINT('',(917.,79.8,-9.75));
#335=VERTEX_POINT('',#334);
#336=CARTESIAN_POINT('',(917.,94.2,-9.75));
#337=DIRECTION('',(0.,-1.,0.));
#338=VECTOR('',#337,14.4);
#339=LINE('',#336,#338);
#340=EDGE_CURVE('',#327,#335,#339,.T.);
#341=ORIENTED_EDGE('',*,*,#340,.T.);
#342=CARTESIAN_POINT('',(917.,79.8,-9.75));
#343=DIRECTION('',(0.,0.,-1.));
#344=VECTOR('',#343,4.5);
#345=LINE('',#342,#344);
#346=EDGE_CURVE('',#335,#317,#345,.T.);
#347=ORIENTED_EDGE('',*,*,#346,.T.);
#348=EDGE_LOOP('',(#325,#333,#341,#347));
#349=FACE_BOUND('',#348,.T.);
#350=ADVANCED_FACE('',(#281,#315,#349),#247,.T.);
#351=CARTESIAN_POINT('',(623.,60.,-5.));
#352=DIRECTION('',(1.,0.,0.));
#353=DIRECTION('',(0.,0.,-1.));
#354=AXIS2_PLACEMENT_3D('',#351,#352,#353);
#355=PLANE('',#354);
#356=CARTESIAN_POINT('',(623.,117.,-29.825));
#357=VERTEX_POINT('',#356);
#358=CARTESIAN_POINT('',(623.,3.,-23.175));
#359=VERTEX_POINT('',#358);
#360=CARTESIAN_POINT('',(623.,117.,-29.825));
#361=DIRECTION('',(0.,-0.998302941,0.058234338));
#362=VECTOR('',#361,114.193793614);
#363=LINE('',#360,#362);
#364=EDGE_CURVE('',#357,#359,#363,.T.);
#365=ORIENTED_EDGE('',*,*,#364,.F.);
#366=CARTESIAN_POINT('',(623.,117.,-5.));
#367=VERTEX_POINT('',#366);
#368=CARTESIAN_POINT('',(623.,117.,-5.));
#369=DIRECTION('',(0.,0.,-1.));
#370=VECTOR('',#369,24.825);
#371=LINE('',#368,#370);
#372=EDGE_CURVE('',#367,#357,#371,.T.);
#373=ORIENTED_EDGE('',*,*,#372,.F.);
#374=CARTESIAN_POINT('',(623.,3.,-5.));
#375=VERTEX_POINT('',#374);
#376=CARTESIAN_POINT('',(623.,117.,-5.));
#377=DIRECTION('',(0.,-1.,0.));
#378=VECTOR('',#377,114.);
#379=LINE('',#376,#378);
#380=EDGE_CURVE('',#367,#375,#379,.T.);
#381=ORIENTED_EDGE('',*,*,#380,.T.);
#382=CARTESIAN_POINT('',(623.,3.,-5.));
#383=DIRECTION('',(0.,0.,-1.));
#384=VECTOR('',#383,18.175);
#385=LINE('',#382,#384);
#386=EDGE_CURVE('',#375,#359,#385,.T.);
#387=ORIENTED_EDGE('',*,*,#386,.T.);
#388=EDGE_LOOP('',(#365,#373,#381,#387));
#389=FACE_BOUND('',#388,.T.);
#390=CARTESIAN_POINT('',(623.,19.8,-9.75));
#391=VERTEX_POINT('',#390);
#392=CARTESIAN_POINT('',(623.,34.2,-9.75));
#393=VERTEX_POINT('',#392);
#394=CARTESIAN_POINT('',(623.,19.8,-9.75));
#395=DIRECTION('',(0.,1.,-0.));
#396=VECTOR('',#395,14.4);
#397=LINE('',#394,#396);
#398=EDGE_CURVE('',#391,#393,#397,.T.);
#399=ORIENTED_EDGE('',*,*,#398,.T.);
#400=CARTESIAN_POINT('',(623.,34.2,-14.25));
#401=VERTEX_POINT('',#400);
#402=CARTESIAN_POINT('',(623.,34.2,-9.75));
#403=DIRECTION('',(0.,0.,-1.));
#404=VECTOR('',#403,4.5);
#405=LINE('',#402,#404);
#406=EDGE_CURVE('',#393,#401,#405,.T.);
#407=ORIENTED_EDGE('',*,*,#406,.T.);
#408=CARTESIAN_POINT('',(623.,19.8,-14.25));
#409=VERTEX_POINT('',#408);
#410=CARTESIAN_POINT('',(623.,34.2,-14.25));
#411=DIRECTION('',(0.,-1.,0.));
#412=VECTOR('',#411,14.4);
#413=LINE('',#410,#412);
#414=EDGE_CURVE('',#401,#409,#413,.T.);
#415=ORIENTED_EDGE('',*,*,#414,.T.);
#416=CARTESIAN_POINT('',(623.,19.8,-14.25));
#417=DIRECTION('',(0.,0.,1.));
#418=VECTOR('',#417,4.5);
#419=LINE('',#416,#418);
#420=EDGE_CURVE('',#409,#391,#419,.T.);
#421=ORIENTED_EDGE('',*,*,#420,.T.);
#422=EDGE_LOOP('',(#399,#407,#415,#421));
#423=FACE_BOUND('',#422,.T.);
#424=CARTESIAN_POINT('',(623.,79.8,-9.75));
#425=VERTEX_POINT('',#424);
#426=CARTESIAN_POINT('',(623.,94.2,-9.75));
#427=VERTEX_POINT('',#426);
#428=CARTESIAN_POINT('',(623.,79.8,-9.75));
#429=DIRECTION('',(0.,1.,-0.));
#430=VECTOR('',#429,14.4);
#431=LINE('',#428,#430);
#432=EDGE_CURVE('',#425,#427,#431,.T.);
#433=ORIENTED_EDGE('',*,*,#432,.T.);
#434=CARTESIAN_POINT('',(623.,94.2,-14.25));
#435=VERTEX_POINT('',#434);
#436=CARTESIAN_POINT('',(623.,94.2,-9.75));
#437=DIRECTION('',(0.,0.,-1.));
#438=VECTOR('',#437,4.5);
#439=LINE('',#436,#438);
#440=EDGE_CURVE('',#427,#435,#439,.T.);
#441=ORIENTED_EDGE('',*,*,#440,.T.);
#442=CARTESIAN_POINT('',(623.,79.8,-14.25));
#443=VERTEX_POINT('',#442);
#444=CARTESIAN_POINT('',(623.,94.2,-14.25));
#445=DIRECTION('',(0.,-1.,0.));
#446=VECTOR('',#445,14.4);
#447=LINE('',#444,#446);
#448=EDGE_CURVE('',#435,#443,#447,.T.);
#449=ORIENTED_EDGE('',*,*,#448,.T.);
#450=CARTESIAN_POINT('',(623.,79.8,-14.25));
#451=DIRECTION('',(0.,0.,1.));
#452=VECTOR('',#451,4.5);
#453=LINE('',#450,#452);
#454=EDGE_CURVE('',#443,#425,#453,.T.);
#455=ORIENTED_EDGE('',*,*,#454,.T.);
#456=EDGE_LOOP('',(#433,#441,#449,#455));
#457=FACE_BOUND('',#456,.T.);
#458=ADVANCED_FACE('',(#389,#423,#457),#355,.T.);
#459=CARTESIAN_POINT('',(770.,-0.,-5.));
#460=DIRECTION('',(-0.,-1.,0.));
#461=DIRECTION('',(1.,-0.,0.));
#462=AXIS2_PLACEMENT_3D('',#459,#460,#461);
#463=PLANE('',#462);
#464=CARTESIAN_POINT('',(622.,-0.,-23.));
#465=VERTEX_POINT('',#464);
#466=CARTESIAN_POINT('',(918.,-0.,-23.));
#467=VERTEX_POINT('',#466);
#468=CARTESIAN_POINT('',(622.,-0.,-23.));
#469=DIRECTION('',(1.,-0.,0.));
#470=VECTOR('',#469,296.);
#471=LINE('',#468,#470);
#472=EDGE_CURVE('',#465,#467,#471,.T.);
#473=ORIENTED_EDGE('',*,*,#472,.T.);
#474=CARTESIAN_POINT('',(918.,-0.,0.));
#475=VERTEX_POINT('',#474);
#476=CARTESIAN_POINT('',(918.,-0.,-23.));
#477=DIRECTION('',(0.,0.,1.));
#478=VECTOR('',#477,23.);
#479=LINE('',#476,#478);
#480=EDGE_CURVE('',#467,#475,#479,.T.);
#481=ORIENTED_EDGE('',*,*,#480,.T.);
#482=CARTESIAN_POINT('',(622.,-0.,0.));
#483=VERTEX_POINT('',#482);
#484=CARTESIAN_POINT('',(622.,-0.,0.));
#485=DIRECTION('',(1.,-0.,0.));
#486=VECTOR('',#485,296.);
#487=LINE('',#484,#486);
#488=EDGE_CURVE('',#483,#475,#487,.T.);
#489=ORIENTED_EDGE('',*,*,#488,.F.);
#490=CARTESIAN_POINT('',(622.,-0.,0.));
#491=DIRECTION('',(-0.,-0.,-1.));
#492=VECTOR('',#491,23.);
#493=LINE('',#490,#492);
#494=EDGE_CURVE('',#483,#465,#493,.T.);
#495=ORIENTED_EDGE('',*,*,#494,.T.);
#496=EDGE_LOOP('',(#473,#481,#489,#495));
#497=FACE_BOUND('',#496,.T.);
#498=CARTESIAN_POINT('',(749.456127788,0.,-14.878011175));
#499=VERTEX_POINT('',#498);
#500=CARTESIAN_POINT('',(735.056127788,0.,-14.878011175));
#501=VERTEX_POINT('',#500);
#502=CARTESIAN_POINT('',(749.456127788,0.,-14.878011175));
#503=DIRECTION('',(-1.,-0.,0.));
#504=VECTOR('',#503,14.4);
#505=LINE('',#502,#504);
#506=EDGE_CURVE('',#499,#501,#505,.T.);
#507=ORIENTED_EDGE('',*,*,#506,.T.);
#508=CARTESIAN_POINT('',(735.056127788,0.,-10.378011175));
#509=VERTEX_POINT('',#508);
#510=CARTESIAN_POINT('',(735.056127788,0.,-14.878011175));
#511=DIRECTION('',(0.,0.,1.));
#512=VECTOR('',#511,4.5);
#513=LINE('',#510,#512);
#514=EDGE_CURVE('',#501,#509,#513,.T.);
#515=ORIENTED_EDGE('',*,*,#514,.T.);
#516=CARTESIAN_POINT('',(749.456127788,-0.,-10.378011175));
#517=VERTEX_POINT('',#516);
#518=CARTESIAN_POINT('',(735.056127788,0.,-10.378011175));
#519=DIRECTION('',(1.,0.,0.));
#520=VECTOR('',#519,14.4);
#521=LINE('',#518,#520);
#522=EDGE_CURVE('',#509,#517,#521,.T.);
#523=ORIENTED_EDGE('',*,*,#522,.T.);
#524=CARTESIAN_POINT('',(749.456127788,0.,-10.378011175));
#525=DIRECTION('',(0.,0.,-1.));
#526=VECTOR('',#525,4.5);
#527=LINE('',#524,#526);
#528=EDGE_CURVE('',#517,#499,#527,.T.);
#529=ORIENTED_EDGE('',*,*,#528,.T.);
#530=EDGE_LOOP('',(#507,#515,#523,#529));
#531=FACE_BOUND('',#530,.T.);
#532=CARTESIAN_POINT('',(649.456127788,0.,-14.878011175));
#533=VERTEX_POINT('',#532);
#534=CARTESIAN_POINT('',(635.056127788,0.,-14.878011175));
#535=VERTEX_POINT('',#534);
#536=CARTESIAN_POINT('',(649.456127788,0.,-14.878011175));
#537=DIRECTION('',(-1.,-0.,0.));
#538=VECTOR('',#537,14.4);
#539=LINE('',#536,#538);
#540=EDGE_CURVE('',#533,#535,#539,.T.);
#541=ORIENTED_EDGE('',*,*,#540,.T.);
#542=CARTESIAN_POINT('',(635.056127788,0.,-10.378011175));
#543=VERTEX_POINT('',#542);
#544=CARTESIAN_POINT('',(635.056127788,0.,-14.878011175));
#545=DIRECTION('',(0.,0.,1.));
#546=VECTOR('',#545,4.5);
#547=LINE('',#544,#546);
#548=EDGE_CURVE('',#535,#543,#547,.T.);
#549=ORIENTED_EDGE('',*,*,#548,.T.);
#550=CARTESIAN_POINT('',(649.456127788,-0.,-10.378011175));
#551=VERTEX_POINT('',#550);
#552=CARTESIAN_POINT('',(635.056127788,0.,-10.378011175));
#553=DIRECTION('',(1.,0.,0.));
#554=VECTOR('',#553,14.4);
#555=LINE('',#552,#554);
#556=EDGE_CURVE('',#543,#551,#555,.T.);
#557=ORIENTED_EDGE('',*,*,#556,.T.);
#558=CARTESIAN_POINT('',(649.456127788,0.,-10.378011175));
#559=DIRECTION('',(0.,0.,-1.));
#560=VECTOR('',#559,4.5);
#561=LINE('',#558,#560);
#562=EDGE_CURVE('',#551,#533,#561,.T.);
#563=ORIENTED_EDGE('',*,*,#562,.T.);
#564=EDGE_LOOP('',(#541,#549,#557,#563));
#565=FACE_BOUND('',#564,.T.);
#566=CARTESIAN_POINT('',(899.456127788,0.,-14.878011175));
#567=VERTEX_POINT('',#566);
#568=CARTESIAN_POINT('',(885.056127788,0.,-14.878011175));
#569=VERTEX_POINT('',#568);
#570=CARTESIAN_POINT('',(899.456127788,0.,-14.878011175));
#571=DIRECTION('',(-1.,-0.,0.));
#572=VECTOR('',#571,14.4);
#573=LINE('',#570,#572);
#574=EDGE_CURVE('',#567,#569,#573,.T.);
#575=ORIENTED_EDGE('',*,*,#574,.T.);
#576=CARTESIAN_POINT('',(885.056127788,0.,-10.378011175));
#577=VERTEX_POINT('',#576);
#578=CARTESIAN_POINT('',(885.056127788,0.,-14.878011175));
#579=DIRECTION('',(0.,0.,1.));
#580=VECTOR('',#579,4.5);
#581=LINE('',#578,#580);
#582=EDGE_CURVE('',#569,#577,#581,.T.);
#583=ORIENTED_EDGE('',*,*,#582,.T.);
#584=CARTESIAN_POINT('',(899.456127788,-0.,-10.378011175));
#585=VERTEX_POINT('',#584);
#586=CARTESIAN_POINT('',(885.056127788,0.,-10.378011175));
#587=DIRECTION('',(1.,0.,0.));
#588=VECTOR('',#587,14.4);
#589=LINE('',#586,#588);
#590=EDGE_CURVE('',#577,#585,#589,.T.);
#591=ORIENTED_EDGE('',*,*,#590,.T.);
#592=CARTESIAN_POINT('',(899.456127788,0.,-10.378011175));
#593=DIRECTION('',(0.,0.,-1.));
#594=VECTOR('',#593,4.5);
#595=LINE('',#592,#594);
#596=EDGE_CURVE('',#585,#567,#595,.T.);
#597=ORIENTED_EDGE('',*,*,#596,.T.);
#598=EDGE_LOOP('',(#575,#583,#591,#597));
#599=FACE_BOUND('',#598,.T.);
#600=CARTESIAN_POINT('',(699.456127788,0.,-14.878011175));
#601=VERTEX_POINT('',#600);
#602=CARTESIAN_POINT('',(685.056127788,0.,-14.878011175));
#603=VERTEX_POINT('',#602);
#604=CARTESIAN_POINT('',(699.456127788,0.,-14.878011175));
#605=DIRECTION('',(-1.,-0.,0.));
#606=VECTOR('',#605,14.4);
#607=LINE('',#604,#606);
#608=EDGE_CURVE('',#601,#603,#607,.T.);
#609=ORIENTED_EDGE('',*,*,#608,.T.);
#610=CARTESIAN_POINT('',(685.056127788,0.,-10.378011175));
#611=VERTEX_POINT('',#610);
#612=CARTESIAN_POINT('',(685.056127788,0.,-14.878011175));
#613=DIRECTION('',(0.,0.,1.));
#614=VECTOR('',#613,4.5);
#615=LINE('',#612,#614);
#616=EDGE_CURVE('',#603,#611,#615,.T.);
#617=ORIENTED_EDGE('',*,*,#616,.T.);
#618=CARTESIAN_POINT('',(699.456127788,-0.,-10.378011175));
#619=VERTEX_POINT('',#618);
#620=CARTESIAN_POINT('',(685.056127788,0.,-10.378011175));
#621=DIRECTION('',(1.,0.,0.));
#622=VECTOR('',#621,14.4);
#623=LINE('',#620,#622);
#624=EDGE_CURVE('',#611,#619,#623,.T.);
#625=ORIENTED_EDGE('',*,*,#624,.T.);
#626=CARTESIAN_POINT('',(699.456127788,0.,-10.378011175));
#627=DIRECTION('',(0.,0.,-1.));
#628=VECTOR('',#627,4.5);
#629=LINE('',#626,#628);
#630=EDGE_CURVE('',#619,#601,#629,.T.);
#631=ORIENTED_EDGE('',*,*,#630,.T.);
#632=EDGE_LOOP('',(#609,#617,#625,#631));
#633=FACE_BOUND('',#632,.T.);
#634=CARTESIAN_POINT('',(799.456127788,0.,-14.878011175));
#635=VERTEX_POINT('',#634);
#636=CARTESIAN_POINT('',(785.056127788,0.,-14.878011175));
#637=VERTEX_POINT('',#636);
#638=CARTESIAN_POINT('',(799.456127788,0.,-14.878011175));
#639=DIRECTION('',(-1.,-0.,0.));
#640=VECTOR('',#639,14.4);
#641=LINE('',#638,#640);
#642=EDGE_CURVE('',#635,#637,#641,.T.);
#643=ORIENTED_EDGE('',*,*,#642,.T.);
#644=CARTESIAN_POINT('',(785.056127788,0.,-10.378011175));
#645=VERTEX_POINT('',#644);
#646=CARTESIAN_POINT('',(785.056127788,0.,-14.878011175));
#647=DIRECTION('',(0.,0.,1.));
#648=VECTOR('',#647,4.5);
#649=LINE('',#646,#648);
#650=EDGE_CURVE('',#637,#645,#649,.T.);
#651=ORIENTED_EDGE('',*,*,#650,.T.);
#652=CARTESIAN_POINT('',(799.456127788,-0.,-10.378011175));
#653=VERTEX_POINT('',#652);
#654=CARTESIAN_POINT('',(785.056127788,0.,-10.378011175));
#655=DIRECTION('',(1.,0.,0.));
#656=VECTOR('',#655,14.4);
#657=LINE('',#654,#656);
#658=EDGE_CURVE('',#645,#653,#657,.T.);
#659=ORIENTED_EDGE('',*,*,#658,.T.);
#660=CARTESIAN_POINT('',(799.456127788,0.,-10.378011175));
#661=DIRECTION('',(0.,0.,-1.));
#662=VECTOR('',#661,4.5);
#663=LINE('',#660,#662);
#664=EDGE_CURVE('',#653,#635,#663,.T.);
#665=ORIENTED_EDGE('',*,*,#664,.T.);
#666=EDGE_LOOP('',(#643,#651,#659,#665));
#667=FACE_BOUND('',#666,.T.);
#668=CARTESIAN_POINT('',(849.456127788,0.,-14.878011175));
#669=VERTEX_POINT('',#668);
#670=CARTESIAN_POINT('',(835.056127788,0.,-14.878011175));
#671=VERTEX_POINT('',#670);
#672=CARTESIAN_POINT('',(849.456127788,0.,-14.878011175));
#673=DIRECTION('',(-1.,-0.,0.));
#674=VECTOR('',#673,14.4);
#675=LINE('',#672,#674);
#676=EDGE_CURVE('',#669,#671,#675,.T.);
#677=ORIENTED_EDGE('',*,*,#676,.T.);
#678=CARTESIAN_POINT('',(835.056127788,0.,-10.378011175));
#679=VERTEX_POINT('',#678);
#680=CARTESIAN_POINT('',(835.056127788,0.,-14.878011175));
#681=DIRECTION('',(0.,0.,1.));
#682=VECTOR('',#681,4.5);
#683=LINE('',#680,#682);
#684=EDGE_CURVE('',#671,#679,#683,.T.);
#685=ORIENTED_EDGE('',*,*,#684,.T.);
#686=CARTESIAN_POINT('',(849.456127788,-0.,-10.378011175));
#687=VERTEX_POINT('',#686);
#688=CARTESIAN_POINT('',(835.056127788,0.,-10.378011175));
#689=DIRECTION('',(1.,0.,0.));
#690=VECTOR('',#689,14.4);
#691=LINE('',#688,#690);
#692=EDGE_CURVE('',#679,#687,#691,.T.);
#693=ORIENTED_EDGE('',*,*,#692,.T.);
#694=CARTESIAN_POINT('',(849.456127788,0.,-10.378011175));
#695=DIRECTION('',(0.,0.,-1.));
#696=VECTOR('',#695,4.5);
#697=LINE('',#694,#696);
#698=EDGE_CURVE('',#687,#669,#697,.T.);
#699=ORIENTED_EDGE('',*,*,#698,.T.);
#700=EDGE_LOOP('',(#677,#685,#693,#699));
#701=FACE_BOUND('',#700,.T.);
#702=ADVANCED_FACE('',(#497,#531,#565,#599,#633,#667,#701),#463,.T.);
#703=CARTESIAN_POINT('',(770.,120.,-5.));
#704=DIRECTION('',(0.,1.,0.));
#705=DIRECTION('',(-1.,0.,0.));
#706=AXIS2_PLACEMENT_3D('',#703,#704,#705);
#707=PLANE('',#706);
#708=CARTESIAN_POINT('',(918.,120.,0.));
#709=VERTEX_POINT('',#708);
#710=CARTESIAN_POINT('',(622.,120.,0.));
#711=VERTEX_POINT('',#710);
#712=CARTESIAN_POINT('',(918.,120.,0.));
#713=DIRECTION('',(-1.,0.,0.));
#714=VECTOR('',#713,296.);
#715=LINE('',#712,#714);
#716=EDGE_CURVE('',#709,#711,#715,.T.);
#717=ORIENTED_EDGE('',*,*,#716,.F.);
#718=CARTESIAN_POINT('',(918.,120.,-30.));
#719=VERTEX_POINT('',#718);
#720=CARTESIAN_POINT('',(918.,120.,0.));
#721=DIRECTION('',(-0.,-0.,-1.));
#722=VECTOR('',#721,30.);
#723=LINE('',#720,#722);
#724=EDGE_CURVE('',#709,#719,#723,.T.);
#725=ORIENTED_EDGE('',*,*,#724,.T.);
#726=CARTESIAN_POINT('',(622.,120.,-30.));
#727=VERTEX_POINT('',#726);
#728=CARTESIAN_POINT('',(918.,120.,-30.));
#729=DIRECTION('',(-1.,0.,0.));
#730=VECTOR('',#729,296.);
#731=LINE('',#728,#730);
#732=EDGE_CURVE('',#719,#727,#731,.T.);
#733=ORIENTED_EDGE('',*,*,#732,.T.);
#734=CARTESIAN_POINT('',(622.,120.,-30.));
#735=DIRECTION('',(0.,0.,1.));
#736=VECTOR('',#735,30.);
#737=LINE('',#734,#736);
#738=EDGE_CURVE('',#727,#711,#737,.T.);
#739=ORIENTED_EDGE('',*,*,#738,.T.);
#740=EDGE_LOOP('',(#717,#725,#733,#739));
#741=FACE_BOUND('',#740,.T.);
#742=CARTESIAN_POINT('',(749.456127788,120.,-10.378011175));
#743=VERTEX_POINT('',#742);
#744=CARTESIAN_POINT('',(735.056127788,120.,-10.378011175));
#745=VERTEX_POINT('',#744);
#746=CARTESIAN_POINT('',(749.456127788,120.,-10.378011175));
#747=DIRECTION('',(-1.,0.,-0.));
#748=VECTOR('',#747,14.4);
#749=LINE('',#746,#748);
#750=EDGE_CURVE('',#743,#745,#749,.T.);
#751=ORIENTED_EDGE('',*,*,#750,.T.);
#752=CARTESIAN_POINT('',(735.056127788,120.,-14.878011175));
#753=VERTEX_POINT('',#752);
#754=CARTESIAN_POINT('',(735.056127788,120.,-10.378011175));
#755=DIRECTION('',(0.,0.,-1.));
#756=VECTOR('',#755,4.5);
#757=LINE('',#754,#756);
#758=EDGE_CURVE('',#745,#753,#757,.T.);
#759=ORIENTED_EDGE('',*,*,#758,.T.);
#760=CARTESIAN_POINT('',(749.456127788,120.,-14.878011175));
#761=VERTEX_POINT('',#760);
#762=CARTESIAN_POINT('',(735.056127788,120.,-14.878011175));
#763=DIRECTION('',(1.,-0.,0.));
#764=VECTOR('',#763,14.4);
#765=LINE('',#762,#764);
#766=EDGE_CURVE('',#753,#761,#765,.T.);
#767=ORIENTED_EDGE('',*,*,#766,.T.);
#768=CARTESIAN_POINT('',(749.456127788,120.,-14.878011175));
#769=DIRECTION('',(0.,0.,1.));
#770=VECTOR('',#769,4.5);
#771=LINE('',#768,#770);
#772=EDGE_CURVE('',#761,#743,#771,.T.);
#773=ORIENTED_EDGE('',*,*,#772,.T.);
#774=EDGE_LOOP('',(#751,#759,#767,#773));
#775=FACE_BOUND('',#774,.T.);
#776=CARTESIAN_POINT('',(649.456127788,120.,-10.378011175));
#777=VERTEX_POINT('',#776);
#778=CARTESIAN_POINT('',(635.056127788,120.,-10.378011175));
#779=VERTEX_POINT('',#778);
#780=CARTESIAN_POINT('',(649.456127788,120.,-10.378011175));
#781=DIRECTION('',(-1.,0.,-0.));
#782=VECTOR('',#781,14.4);
#783=LINE('',#780,#782);
#784=EDGE_CURVE('',#777,#779,#783,.T.);
#785=ORIENTED_EDGE('',*,*,#784,.T.);
#786=CARTESIAN_POINT('',(635.056127788,120.,-14.878011175));
#787=VERTEX_POINT('',#786);
#788=CARTESIAN_POINT('',(635.056127788,120.,-10.378011175));
#789=DIRECTION('',(0.,0.,-1.));
#790=VECTOR('',#789,4.5);
#791=LINE('',#788,#790);
#792=EDGE_CURVE('',#779,#787,#791,.T.);
#793=ORIENTED_EDGE('',*,*,#792,.T.);
#794=CARTESIAN_POINT('',(649.456127788,120.,-14.878011175));
#795=VERTEX_POINT('',#794);
#796=CARTESIAN_POINT('',(635.056127788,120.,-14.878011175));
#797=DIRECTION('',(1.,-0.,0.));
#798=VECTOR('',#797,14.4);
#799=LINE('',#796,#798);
#800=EDGE_CURVE('',#787,#795,#799,.T.);
#801=ORIENTED_EDGE('',*,*,#800,.T.);
#802=CARTESIAN_POINT('',(649.456127788,120.,-14.878011175));
#803=DIRECTION('',(0.,0.,1.));
#804=VECTOR('',#803,4.5);
#805=LINE('',#802,#804);
#806=EDGE_CURVE('',#795,#777,#805,.T.);
#807=ORIENTED_EDGE('',*,*,#806,.T.);
#808=EDGE_LOOP('',(#785,#793,#801,#807));
#809=FACE_BOUND('',#808,.T.);
#810=CARTESIAN_POINT('',(899.456127788,120.,-10.378011175));
#811=VERTEX_POINT('',#810);
#812=CARTESIAN_POINT('',(885.056127788,120.,-10.378011175));
#813=VERTEX_POINT('',#812);
#814=CARTESIAN_POINT('',(899.456127788,120.,-10.378011175));
#815=DIRECTION('',(-1.,0.,-0.));
#816=VECTOR('',#815,14.4);
#817=LINE('',#814,#816);
#818=EDGE_CURVE('',#811,#813,#817,.T.);
#819=ORIENTED_EDGE('',*,*,#818,.T.);
#820=CARTESIAN_POINT('',(885.056127788,120.,-14.878011175));
#821=VERTEX_POINT('',#820);
#822=CARTESIAN_POINT('',(885.056127788,120.,-10.378011175));
#823=DIRECTION('',(0.,0.,-1.));
#824=VECTOR('',#823,4.5);
#825=LINE('',#822,#824);
#826=EDGE_CURVE('',#813,#821,#825,.T.);
#827=ORIENTED_EDGE('',*,*,#826,.T.);
#828=CARTESIAN_POINT('',(899.456127788,120.,-14.878011175));
#829=VERTEX_POINT('',#828);
#830=CARTESIAN_POINT('',(885.056127788,120.,-14.878011175));
#831=DIRECTION('',(1.,-0.,0.));
#832=VECTOR('',#831,14.4);
#833=LINE('',#830,#832);
#834=EDGE_CURVE('',#821,#829,#833,.T.);
#835=ORIENTED_EDGE('',*,*,#834,.T.);
#836=CARTESIAN_POINT('',(899.456127788,120.,-14.878011175));
#837=DIRECTION('',(0.,0.,1.));
#838=VECTOR('',#837,4.5);
#839=LINE('',#836,#838);
#840=EDGE_CURVE('',#829,#811,#839,.T.);
#841=ORIENTED_EDGE('',*,*,#840,.T.);
#842=EDGE_LOOP('',(#819,#827,#835,#841));
#843=FACE_BOUND('',#842,.T.);
#844=CARTESIAN_POINT('',(699.456127788,120.,-10.378011175));
#845=VERTEX_POINT('',#844);
#846=CARTESIAN_POINT('',(685.056127788,120.,-10.378011175));
#847=VERTEX_POINT('',#846);
#848=CARTESIAN_POINT('',(699.456127788,120.,-10.378011175));
#849=DIRECTION('',(-1.,0.,-0.));
#850=VECTOR('',#849,14.4);
#851=LINE('',#848,#850);
#852=EDGE_CURVE('',#845,#847,#851,.T.);
#853=ORIENTED_EDGE('',*,*,#852,.T.);
#854=CARTESIAN_POINT('',(685.056127788,120.,-14.878011175));
#855=VERTEX_POINT('',#854);
#856=CARTESIAN_POINT('',(685.056127788,120.,-10.378011175));
#857=DIRECTION('',(0.,0.,-1.));
#858=VECTOR('',#857,4.5);
#859=LINE('',#856,#858);
#860=EDGE_CURVE('',#847,#855,#859,.T.);
#861=ORIENTED_EDGE('',*,*,#860,.T.);
#862=CARTESIAN_POINT('',(699.456127788,120.,-14.878011175));
#863=VERTEX_POINT('',#862);
#864=CARTESIAN_POINT('',(685.056127788,120.,-14.878011175));
#865=DIRECTION('',(1.,-0.,0.));
#866=VECTOR('',#865,14.4);
#867=LINE('',#864,#866);
#868=EDGE_CURVE('',#855,#863,#867,.T.);
#869=ORIENTED_EDGE('',*,*,#868,.T.);
#870=CARTESIAN_POINT('',(699.456127788,120.,-14.878011175));
#871=DIRECTION('',(0.,0.,1.));
#872=VECTOR('',#871,4.5);
#873=LINE('',#870,#872);
#874=EDGE_CURVE('',#863,#845,#873,.T.);
#875=ORIENTED_EDGE('',*,*,#874,.T.);
#876=EDGE_LOOP('',(#853,#861,#869,#875));
#877=FACE_BOUND('',#876,.T.);
#878=CARTESIAN_POINT('',(799.456127788,120.,-10.378011175));
#879=VERTEX_POINT('',#878);
#880=CARTESIAN_POINT('',(785.056127788,120.,-10.378011175));
#881=VERTEX_POINT('',#880);
#882=CARTESIAN_POINT('',(799.456127788,120.,-10.378011175));
#883=DIRECTION('',(-1.,0.,-0.));
#884=VECTOR('',#883,14.4);
#885=LINE('',#882,#884);
#886=EDGE_CURVE('',#879,#881,#885,.T.);
#887=ORIENTED_EDGE('',*,*,#886,.T.);
#888=CARTESIAN_POINT('',(785.056127788,120.,-14.878011175));
#889=VERTEX_POINT('',#888);
#890=CARTESIAN_POINT('',(785.056127788,120.,-10.378011175));
#891=DIRECTION('',(0.,0.,-1.));
#892=VECTOR('',#891,4.5);
#893=LINE('',#890,#892);
#894=EDGE_CURVE('',#881,#889,#893,.T.);
#895=ORIENTED_EDGE('',*,*,#894,.T.);
#896=CARTESIAN_POINT('',(799.456127788,120.,-14.878011175));
#897=VERTEX_POINT('',#896);
#898=CARTESIAN_POINT('',(785.056127788,120.,-14.878011175));
#899=DIRECTION('',(1.,-0.,0.));
#900=VECTOR('',#899,14.4);
#901=LINE('',#898,#900);
#902=EDGE_CURVE('',#889,#897,#901,.T.);
#903=ORIENTED_EDGE('',*,*,#902,.T.);
#904=CARTESIAN_POINT('',(799.456127788,120.,-14.878011175));
#905=DIRECTION('',(0.,0.,1.));
#906=VECTOR('',#905,4.5);
#907=LINE('',#904,#906);
#908=EDGE_CURVE('',#897,#879,#907,.T.);
#909=ORIENTED_EDGE('',*,*,#908,.T.);
#910=EDGE_LOOP('',(#887,#895,#903,#909));
#911=FACE_BOUND('',#910,.T.);
#912=CARTESIAN_POINT('',(849.456127788,120.,-10.378011175));
#913=VERTEX_POINT('',#912);
#914=CARTESIAN_POINT('',(835.056127788,120.,-10.378011175));
#915=VERTEX_POINT('',#914);
#916=CARTESIAN_POINT('',(849.456127788,120.,-10.378011175));
#917=DIRECTION('',(-1.,0.,-0.));
#918=VECTOR('',#917,14.4);
#919=LINE('',#916,#918);
#920=EDGE_CURVE('',#913,#915,#919,.T.);
#921=ORIENTED_EDGE('',*,*,#920,.T.);
#922=CARTESIAN_POINT('',(835.056127788,120.,-14.878011175));
#923=VERTEX_POINT('',#922);
#924=CARTESIAN_POINT('',(835.056127788,120.,-10.378011175));
#925=DIRECTION('',(0.,0.,-1.));
#926=VECTOR('',#925,4.5);
#927=LINE('',#924,#926);
#928=EDGE_CURVE('',#915,#923,#927,.T.);
#929=ORIENTED_EDGE('',*,*,#928,.T.);
#930=CARTESIAN_POINT('',(849.456127788,120.,-14.878011175));
#931=VERTEX_POINT('',#930);
#932=CARTESIAN_POINT('',(835.056127788,120.,-14.878011175));
#933=DIRECTION('',(1.,-0.,0.));
#934=VECTOR('',#933,14.4);
#935=LINE('',#932,#934);
#936=EDGE_CURVE('',#923,#931,#935,.T.);
#937=ORIENTED_EDGE('',*,*,#936,.T.);
#938=CARTESIAN_POINT('',(849.456127788,120.,-14.878011175));
#939=DIRECTION('',(0.,0.,1.));
#940=VECTOR('',#939,4.5);
#941=LINE('',#938,#940);
#942=EDGE_CURVE('',#931,#913,#941,.T.);
#943=ORIENTED_EDGE('',*,*,#942,.T.);
#944=EDGE_LOOP('',(#921,#929,#937,#943));
#945=FACE_BOUND('',#944,.T.);
#946=ADVANCED_FACE('',(#741,#775,#809,#843,#877,#911,#945),#707,.T.);
#947=CARTESIAN_POINT('',(770.,3.,-5.));
#948=DIRECTION('',(0.,1.,0.));
#949=DIRECTION('',(-1.,0.,0.));
#950=AXIS2_PLACEMENT_3D('',#947,#948,#949);
#951=PLANE('',#950);
#952=CARTESIAN_POINT('',(623.,3.,-23.175));
#953=DIRECTION('',(1.,-0.,-0.));
#954=VECTOR('',#953,294.);
#955=LINE('',#952,#954);
#956=EDGE_CURVE('',#359,#249,#955,.T.);
#957=ORIENTED_EDGE('',*,*,#956,.F.);
#958=ORIENTED_EDGE('',*,*,#386,.F.);
#959=CARTESIAN_POINT('',(623.,3.,-5.));
#960=DIRECTION('',(1.,-0.,0.));
#961=VECTOR('',#960,294.);
#962=LINE('',#959,#961);
#963=EDGE_CURVE('',#375,#259,#962,.T.);
#964=ORIENTED_EDGE('',*,*,#963,.T.);
#965=ORIENTED_EDGE('',*,*,#264,.T.);
#966=EDGE_LOOP('',(#957,#958,#964,#965));
#967=FACE_BOUND('',#966,.T.);
#968=CARTESIAN_POINT('',(749.456127788,3.,-10.378011175));
#969=VERTEX_POINT('',#968);
#970=CARTESIAN_POINT('',(735.056127788,3.,-10.378011175));
#971=VERTEX_POINT('',#970);
#972=CARTESIAN_POINT('',(749.456127788,3.,-10.378011175));
#973=DIRECTION('',(-1.,0.,-0.));
#974=VECTOR('',#973,14.4);
#975=LINE('',#972,#974);
#976=EDGE_CURVE('',#969,#971,#975,.T.);
#977=ORIENTED_EDGE('',*,*,#976,.T.);
#978=CARTESIAN_POINT('',(735.056127788,3.,-14.878011175));
#979=VERTEX_POINT('',#978);
#980=CARTESIAN_POINT('',(735.056127788,3.,-10.378011175));
#981=DIRECTION('',(0.,0.,-1.));
#982=VECTOR('',#981,4.5);
#983=LINE('',#980,#982);
#984=EDGE_CURVE('',#971,#979,#983,.T.);
#985=ORIENTED_EDGE('',*,*,#984,.T.);
#986=CARTESIAN_POINT('',(749.456127788,3.,-14.878011175));
#987=VERTEX_POINT('',#986);
#988=CARTESIAN_POINT('',(735.056127788,3.,-14.878011175));
#989=DIRECTION('',(1.,-0.,0.));
#990=VECTOR('',#989,14.4);
#991=LINE('',#988,#990);
#992=EDGE_CURVE('',#979,#987,#991,.T.);
#993=ORIENTED_EDGE('',*,*,#992,.T.);
#994=CARTESIAN_POINT('',(749.456127788,3.,-14.878011175));
#995=DIRECTION('',(0.,0.,1.));
#996=VECTOR('',#995,4.5);
#997=LINE('',#994,#996);
#998=EDGE_CURVE('',#987,#969,#997,.T.);
#999=ORIENTED_EDGE('',*,*,#998,.T.);
#1000=EDGE_LOOP('',(#977,#985,#993,#999));
#1001=FACE_BOUND('',#1000,.T.);
#1002=CARTESIAN_POINT('',(649.456127788,3.,-10.378011175));
#1003=VERTEX_POINT('',#1002);
#1004=CARTESIAN_POINT('',(635.056127788,3.,-10.378011175));
#1005=VERTEX_POINT('',#1004);
#1006=CARTESIAN_POINT('',(649.456127788,3.,-10.378011175));
#1007=DIRECTION('',(-1.,0.,-0.));
#1008=VECTOR('',#1007,14.4);
#1009=LINE('',#1006,#1008);
#1010=EDGE_CURVE('',#1003,#1005,#1009,.T.);
#1011=ORIENTED_EDGE('',*,*,#1010,.T.);
#1012=CARTESIAN_POINT('',(635.056127788,3.,-14.878011175));
#1013=VERTEX_POINT('',#1012);
#1014=CARTESIAN_POINT('',(635.056127788,3.,-10.378011175));
#1015=DIRECTION('',(0.,0.,-1.));
#1016=VECTOR('',#1015,4.5);
#1017=LINE('',#1014,#1016);
#1018=EDGE_CURVE('',#1005,#1013,#1017,.T.);
#1019=ORIENTED_EDGE('',*,*,#1018,.T.);
#1020=CARTESIAN_POINT('',(649.456127788,3.,-14.878011175));
#1021=VERTEX_POINT('',#1020);
#1022=CARTESIAN_POINT('',(635.056127788,3.,-14.878011175));
#1023=DIRECTION('',(1.,-0.,0.));
#1024=VECTOR('',#1023,14.4);
#1025=LINE('',#1022,#1024);
#1026=EDGE_CURVE('',#1013,#1021,#1025,.T.);
#1027=ORIENTED_EDGE('',*,*,#1026,.T.);
#1028=CARTESIAN_POINT('',(649.456127788,3.,-14.878011175));
#1029=DIRECTION('',(0.,0.,1.));
#1030=VECTOR('',#1029,4.5);
#1031=LINE('',#1028,#1030);
#1032=EDGE_CURVE('',#1021,#1003,#1031,.T.);
#1033=ORIENTED_EDGE('',*,*,#1032,.T.);
#1034=EDGE_LOOP('',(#1011,#1019,#1027,#1033));
#1035=FACE_BOUND('',#1034,.T.);
#1036=CARTESIAN_POINT('',(899.456127788,3.,-10.378011175));
#1037=VERTEX_POINT('',#1036);
#1038=CARTESIAN_POINT('',(885.056127788,3.,-10.378011175));
#1039=VERTEX_POINT('',#1038);
#1040=CARTESIAN_POINT('',(899.456127788,3.,-10.378011175));
#1041=DIRECTION('',(-1.,0.,-0.));
#1042=VECTOR('',#1041,14.4);
#1043=LINE('',#1040,#1042);
#1044=EDGE_CURVE('',#1037,#1039,#1043,.T.);
#1045=ORIENTED_EDGE('',*,*,#1044,.T.);
#1046=CARTESIAN_POINT('',(885.056127788,3.,-14.878011175));
#1047=VERTEX_POINT('',#1046);
#1048=CARTESIAN_POINT('',(885.056127788,3.,-10.378011175));
#1049=DIRECTION('',(0.,0.,-1.));
#1050=VECTOR('',#1049,4.5);
#1051=LINE('',#1048,#1050);
#1052=EDGE_CURVE('',#1039,#1047,#1051,.T.);
#1053=ORIENTED_EDGE('',*,*,#1052,.T.);
#1054=CARTESIAN_POINT('',(899.456127788,3.,-14.878011175));
#1055=VERTEX_POINT('',#1054);
#1056=CARTESIAN_POINT('',(885.056127788,3.,-14.878011175));
#1057=DIRECTION('',(1.,-0.,0.));
#1058=VECTOR('',#1057,14.4);
#1059=LINE('',#1056,#1058);
#1060=EDGE_CURVE('',#1047,#1055,#1059,.T.);
#1061=ORIENTED_EDGE('',*,*,#1060,.T.);
#1062=CARTESIAN_POINT('',(899.456127788,3.,-14.878011175));
#1063=DIRECTION('',(0.,0.,1.));
#1064=VECTOR('',#1063,4.5);
#1065=LINE('',#1062,#1064);
#1066=EDGE_CURVE('',#1055,#1037,#1065,.T.);
#1067=ORIENTED_EDGE('',*,*,#1066,.T.);
#1068=EDGE_LOOP('',(#1045,#1053,#1061,#1067));
#1069=FACE_BOUND('',#1068,.T.);
#1070=CARTESIAN_POINT('',(699.456127788,3.,-10.378011175));
#1071=VERTEX_POINT('',#1070);
#1072=CARTESIAN_POINT('',(685.056127788,3.,-10.378011175));
#1073=VERTEX_POINT('',#1072);
#1074=CARTESIAN_POINT('',(699.456127788,3.,-10.378011175));
#1075=DIRECTION('',(-1.,0.,-0.));
#1076=VECTOR('',#1075,14.4);
#1077=LINE('',#1074,#1076);
#1078=EDGE_CURVE('',#1071,#1073,#1077,.T.);
#1079=ORIENTED_EDGE('',*,*,#1078,.T.);
#1080=CARTESIAN_POINT('',(685.056127788,3.,-14.878011175));
#1081=VERTEX_POINT('',#1080);
#1082=CARTESIAN_POINT('',(685.056127788,3.,-10.378011175));
#1083=DIRECTION('',(0.,0.,-1.));
#1084=VECTOR('',#1083,4.5);
#1085=LINE('',#1082,#1084);
#1086=EDGE_CURVE('',#1073,#1081,#1085,.T.);
#1087=ORIENTED_EDGE('',*,*,#1086,.T.);
#1088=CARTESIAN_POINT('',(699.456127788,3.,-14.878011175));
#1089=VERTEX_POINT('',#1088);
#1090=CARTESIAN_POINT('',(685.056127788,3.,-14.878011175));
#1091=DIRECTION('',(1.,-0.,0.));
#1092=VECTOR('',#1091,14.4);
#1093=LINE('',#1090,#1092);
#1094=EDGE_CURVE('',#1081,#1089,#1093,.T.);
#1095=ORIENTED_EDGE('',*,*,#1094,.T.);
#1096=CARTESIAN_POINT('',(699.456127788,3.,-14.878011175));
#1097=DIRECTION('',(0.,0.,1.));
#1098=VECTOR('',#1097,4.5);
#1099=LINE('',#1096,#1098);
#1100=EDGE_CURVE('',#1089,#1071,#1099,.T.);
#1101=ORIENTED_EDGE('',*,*,#1100,.T.);
#1102=EDGE_LOOP('',(#1079,#1087,#1095,#1101));
#1103=FACE_BOUND('',#1102,.T.);
#1104=CARTESIAN_POINT('',(799.456127788,3.,-10.378011175));
#1105=VERTEX_POINT('',#1104);
#1106=CARTESIAN_POINT('',(785.056127788,3.,-10.378011175));
#1107=VERTEX_POINT('',#1106);
#1108=CARTESIAN_POINT('',(799.456127788,3.,-10.378011175));
#1109=DIRECTION('',(-1.,0.,-0.));
#1110=VECTOR('',#1109,14.4);
#1111=LINE('',#1108,#1110);
#1112=EDGE_CURVE('',#1105,#1107,#1111,.T.);
#1113=ORIENTED_EDGE('',*,*,#1112,.T.);
#1114=CARTESIAN_POINT('',(785.056127788,3.,-14.878011175));
#1115=VERTEX_POINT('',#1114);
#1116=CARTESIAN_POINT('',(785.056127788,3.,-10.378011175));
#1117=DIRECTION('',(0.,0.,-1.));
#1118=VECTOR('',#1117,4.5);
#1119=LINE('',#1116,#1118);
#1120=EDGE_CURVE('',#1107,#1115,#1119,.T.);
#1121=ORIENTED_EDGE('',*,*,#1120,.T.);
#1122=CARTESIAN_POINT('',(799.456127788,3.,-14.878011175));
#1123=VERTEX_POINT('',#1122);
#1124=CARTESIAN_POINT('',(785.056127788,3.,-14.878011175));
#1125=DIRECTION('',(1.,-0.,0.));
#1126=VECTOR('',#1125,14.4);
#1127=LINE('',#1124,#1126);
#1128=EDGE_CURVE('',#1115,#1123,#1127,.T.);
#1129=ORIENTED_EDGE('',*,*,#1128,.T.);
#1130=CARTESIAN_POINT('',(799.456127788,3.,-14.878011175));
#1131=DIRECTION('',(0.,0.,1.));
#1132=VECTOR('',#1131,4.5);
#1133=LINE('',#1130,#1132);
#1134=EDGE_CURVE('',#1123,#1105,#1133,.T.);
#1135=ORIENTED_EDGE('',*,*,#1134,.T.);
#1136=EDGE_LOOP('',(#1113,#1121,#1129,#1135));
#1137=FACE_BOUND('',#1136,.T.);
#1138=CARTESIAN_POINT('',(849.456127788,3.,-10.378011175));
#1139=VERTEX_POINT('',#1138);
#1140=CARTESIAN_POINT('',(835.056127788,3.,-10.378011175));
#1141=VERTEX_POINT('',#1140);
#1142=CARTESIAN_POINT('',(849.456127788,3.,-10.378011175));
#1143=DIRECTION('',(-1.,0.,-0.));
#1144=VECTOR('',#1143,14.4);
#1145=LINE('',#1142,#1144);
#1146=EDGE_CURVE('',#1139,#1141,#1145,.T.);
#1147=ORIENTED_EDGE('',*,*,#1146,.T.);
#1148=CARTESIAN_POINT('',(835.056127788,3.,-14.878011175));
#1149=VERTEX_POINT('',#1148);
#1150=CARTESIAN_POINT('',(835.056127788,3.,-10.378011175));
#1151=DIRECTION('',(0.,0.,-1.));
#1152=VECTOR('',#1151,4.5);
#1153=LINE('',#1150,#1152);
#1154=EDGE_CURVE('',#1141,#1149,#1153,.T.);
#1155=ORIENTED_EDGE('',*,*,#1154,.T.);
#1156=CARTESIAN_POINT('',(849.456127788,3.,-14.878011175));
#1157=VERTEX_POINT('',#1156);
#1158=CARTESIAN_POINT('',(835.056127788,3.,-14.878011175));
#1159=DIRECTION('',(1.,-0.,0.));
#1160=VECTOR('',#1159,14.4);
#1161=LINE('',#1158,#1160);
#1162=EDGE_CURVE('',#1149,#1157,#1161,.T.);
#1163=ORIENTED_EDGE('',*,*,#1162,.T.);
#1164=CARTESIAN_POINT('',(849.456127788,3.,-14.878011175));
#1165=DIRECTION('',(0.,0.,1.));
#1166=VECTOR('',#1165,4.5);
#1167=LINE('',#1164,#1166);
#1168=EDGE_CURVE('',#1157,#1139,#1167,.T.);
#1169=ORIENTED_EDGE('',*,*,#1168,.T.);
#1170=EDGE_LOOP('',(#1147,#1155,#1163,#1169));
#1171=FACE_BOUND('',#1170,.T.);
#1172=ADVANCED_FACE('',(#967,#1001,#1035,#1069,#1103,#1137,#1171),#951,.T.);
#1173=CARTESIAN_POINT('',(770.,117.,-5.));
#1174=DIRECTION('',(-0.,-1.,0.));
#1175=DIRECTION('',(1.,-0.,0.));
#1176=AXIS2_PLACEMENT_3D('',#1173,#1174,#1175);
#1177=PLANE('',#1176);
#1178=CARTESIAN_POINT('',(917.,117.,-29.825));
#1179=DIRECTION('',(-1.,0.,0.));
#1180=VECTOR('',#1179,294.);
#1181=LINE('',#1178,#1180);
#1182=EDGE_CURVE('',#251,#357,#1181,.T.);
#1183=ORIENTED_EDGE('',*,*,#1182,.F.);
#1184=ORIENTED_EDGE('',*,*,#278,.F.);
#1185=CARTESIAN_POINT('',(917.,117.,-5.));
#1186=DIRECTION('',(-1.,0.,0.));
#1187=VECTOR('',#1186,294.);
#1188=LINE('',#1185,#1187);
#1189=EDGE_CURVE('',#267,#367,#1188,.T.);
#1190=ORIENTED_EDGE('',*,*,#1189,.T.);
#1191=ORIENTED_EDGE('',*,*,#372,.T.);
#1192=EDGE_LOOP('',(#1183,#1184,#1190,#1191));
#1193=FACE_BOUND('',#1192,.T.);
#1194=CARTESIAN_POINT('',(749.456127788,117.,-14.878011175));
#1195=VERTEX_POINT('',#1194);
#1196=CARTESIAN_POINT('',(735.056127788,117.,-14.878011175));
#1197=VERTEX_POINT('',#1196);
#1198=CARTESIAN_POINT('',(749.456127788,117.,-14.878011175));
#1199=DIRECTION('',(-1.,0.,0.));
#1200=VECTOR('',#1199,14.4);
#1201=LINE('',#1198,#1200);
#1202=EDGE_CURVE('',#1195,#1197,#1201,.T.);
#1203=ORIENTED_EDGE('',*,*,#1202,.T.);
#1204=CARTESIAN_POINT('',(735.056127788,117.,-10.378011175));
#1205=VERTEX_POINT('',#1204);
#1206=CARTESIAN_POINT('',(735.056127788,117.,-14.878011175));
#1207=DIRECTION('',(0.,0.,1.));
#1208=VECTOR('',#1207,4.5);
#1209=LINE('',#1206,#1208);
#1210=EDGE_CURVE('',#1197,#1205,#1209,.T.);
#1211=ORIENTED_EDGE('',*,*,#1210,.T.);
#1212=CARTESIAN_POINT('',(749.456127788,117.,-10.378011175));
#1213=VERTEX_POINT('',#1212);
#1214=CARTESIAN_POINT('',(735.056127788,117.,-10.378011175));
#1215=DIRECTION('',(1.,-0.,0.));
#1216=VECTOR('',#1215,14.4);
#1217=LINE('',#1214,#1216);
#1218=EDGE_CURVE('',#1205,#1213,#1217,.T.);
#1219=ORIENTED_EDGE('',*,*,#1218,.T.);
#1220=CARTESIAN_POINT('',(749.456127788,117.,-10.378011175));
#1221=DIRECTION('',(0.,0.,-1.));
#1222=VECTOR('',#1221,4.5);
#1223=LINE('',#1220,#1222);
#1224=EDGE_CURVE('',#1213,#1195,#1223,.T.);
#1225=ORIENTED_EDGE('',*,*,#1224,.T.);
#1226=EDGE_LOOP('',(#1203,#1211,#1219,#1225));
#1227=FACE_BOUND('',#1226,.T.);
#1228=CARTESIAN_POINT('',(649.456127788,117.,-14.878011175));
#1229=VERTEX_POINT('',#1228);
#1230=CARTESIAN_POINT('',(635.056127788,117.,-14.878011175));
#1231=VERTEX_POINT('',#1230);
#1232=CARTESIAN_POINT('',(649.456127788,117.,-14.878011175));
#1233=DIRECTION('',(-1.,0.,0.));
#1234=VECTOR('',#1233,14.4);
#1235=LINE('',#1232,#1234);
#1236=EDGE_CURVE('',#1229,#1231,#1235,.T.);
#1237=ORIENTED_EDGE('',*,*,#1236,.T.);
#1238=CARTESIAN_POINT('',(635.056127788,117.,-10.378011175));
#1239=VERTEX_POINT('',#1238);
#1240=CARTESIAN_POINT('',(635.056127788,117.,-14.878011175));
#1241=DIRECTION('',(0.,0.,1.));
#1242=VECTOR('',#1241,4.5);
#1243=LINE('',#1240,#1242);
#1244=EDGE_CURVE('',#1231,#1239,#1243,.T.);
#1245=ORIENTED_EDGE('',*,*,#1244,.T.);
#1246=CARTESIAN_POINT('',(649.456127788,117.,-10.378011175));
#1247=VERTEX_POINT('',#1246);
#1248=CARTESIAN_POINT('',(635.056127788,117.,-10.378011175));
#1249=DIRECTION('',(1.,-0.,0.));
#1250=VECTOR('',#1249,14.4);
#1251=LINE('',#1248,#1250);
#1252=EDGE_CURVE('',#1239,#1247,#1251,.T.);
#1253=ORIENTED_EDGE('',*,*,#1252,.T.);
#1254=CARTESIAN_POINT('',(649.456127788,117.,-10.378011175));
#1255=DIRECTION('',(0.,0.,-1.));
#1256=VECTOR('',#1255,4.5);
#1257=LINE('',#1254,#1256);
#1258=EDGE_CURVE('',#1247,#1229,#1257,.T.);
#1259=ORIENTED_EDGE('',*,*,#1258,.T.);
#1260=EDGE_LOOP('',(#1237,#1245,#1253,#1259));
#1261=FACE_BOUND('',#1260,.T.);
#1262=CARTESIAN_POINT('',(899.456127788,117.,-14.878011175));
#1263=VERTEX_POINT('',#1262);
#1264=CARTESIAN_POINT('',(885.056127788,117.,-14.878011175));
#1265=VERTEX_POINT('',#1264);
#1266=CARTESIAN_POINT('',(899.456127788,117.,-14.878011175));
#1267=DIRECTION('',(-1.,0.,0.));
#1268=VECTOR('',#1267,14.4);
#1269=LINE('',#1266,#1268);
#1270=EDGE_CURVE('',#1263,#1265,#1269,.T.);
#1271=ORIENTED_EDGE('',*,*,#1270,.T.);
#1272=CARTESIAN_POINT('',(885.056127788,117.,-10.378011175));
#1273=VERTEX_POINT('',#1272);
#1274=CARTESIAN_POINT('',(885.056127788,117.,-14.878011175));
#1275=DIRECTION('',(0.,0.,1.));
#1276=VECTOR('',#1275,4.5);
#1277=LINE('',#1274,#1276);
#1278=EDGE_CURVE('',#1265,#1273,#1277,.T.);
#1279=ORIENTED_EDGE('',*,*,#1278,.T.);
#1280=CARTESIAN_POINT('',(899.456127788,117.,-10.378011175));
#1281=VERTEX_POINT('',#1280);
#1282=CARTESIAN_POINT('',(885.056127788,117.,-10.378011175));
#1283=DIRECTION('',(1.,-0.,0.));
#1284=VECTOR('',#1283,14.4);
#1285=LINE('',#1282,#1284);
#1286=EDGE_CURVE('',#1273,#1281,#1285,.T.);
#1287=ORIENTED_EDGE('',*,*,#1286,.T.);
#1288=CARTESIAN_POINT('',(899.456127788,117.,-10.378011175));
#1289=DIRECTION('',(0.,0.,-1.));
#1290=VECTOR('',#1289,4.5);
#1291=LINE('',#1288,#1290);
#1292=EDGE_CURVE('',#1281,#1263,#1291,.T.);
#1293=ORIENTED_EDGE('',*,*,#1292,.T.);
#1294=EDGE_LOOP('',(#1271,#1279,#1287,#1293));
#1295=FACE_BOUND('',#1294,.T.);
#1296=CARTESIAN_POINT('',(699.456127788,117.,-14.878011175));
#1297=VERTEX_POINT('',#1296);
#1298=CARTESIAN_POINT('',(685.056127788,117.,-14.878011175));
#1299=VERTEX_POINT('',#1298);
#1300=CARTESIAN_POINT('',(699.456127788,117.,-14.878011175));
#1301=DIRECTION('',(-1.,0.,0.));
#1302=VECTOR('',#1301,14.4);
#1303=LINE('',#1300,#1302);
#1304=EDGE_CURVE('',#1297,#1299,#1303,.T.);
#1305=ORIENTED_EDGE('',*,*,#1304,.T.);
#1306=CARTESIAN_POINT('',(685.056127788,117.,-10.378011175));
#1307=VERTEX_POINT('',#1306);
#1308=CARTESIAN_POINT('',(685.056127788,117.,-14.878011175));
#1309=DIRECTION('',(0.,0.,1.));
#1310=VECTOR('',#1309,4.5);
#1311=LINE('',#1308,#1310);
#1312=EDGE_CURVE('',#1299,#1307,#1311,.T.);
#1313=ORIENTED_EDGE('',*,*,#1312,.T.);
#1314=CARTESIAN_POINT('',(699.456127788,117.,-10.378011175));
#1315=VERTEX_POINT('',#1314);
#1316=CARTESIAN_POINT('',(685.056127788,117.,-10.378011175));
#1317=DIRECTION('',(1.,-0.,0.));
#1318=VECTOR('',#1317,14.4);
#1319=LINE('',#1316,#1318);
#1320=EDGE_CURVE('',#1307,#1315,#1319,.T.);
#1321=ORIENTED_EDGE('',*,*,#1320,.T.);
#1322=CARTESIAN_POINT('',(699.456127788,117.,-10.378011175));
#1323=DIRECTION('',(0.,0.,-1.));
#1324=VECTOR('',#1323,4.5);
#1325=LINE('',#1322,#1324);
#1326=EDGE_CURVE('',#1315,#1297,#1325,.T.);
#1327=ORIENTED_EDGE('',*,*,#1326,.T.);
#1328=EDGE_LOOP('',(#1305,#1313,#1321,#1327));
#1329=FACE_BOUND('',#1328,.T.);
#1330=CARTESIAN_POINT('',(799.456127788,117.,-14.878011175));
#1331=VERTEX_POINT('',#1330);
#1332=CARTESIAN_POINT('',(785.056127788,117.,-14.878011175));
#1333=VERTEX_POINT('',#1332);
#1334=CARTESIAN_POINT('',(799.456127788,117.,-14.878011175));
#1335=DIRECTION('',(-1.,0.,0.));
#1336=VECTOR('',#1335,14.4);
#1337=LINE('',#1334,#1336);
#1338=EDGE_CURVE('',#1331,#1333,#1337,.T.);
#1339=ORIENTED_EDGE('',*,*,#1338,.T.);
#1340=CARTESIAN_POINT('',(785.056127788,117.,-10.378011175));
#1341=VERTEX_POINT('',#1340);
#1342=CARTESIAN_POINT('',(785.056127788,117.,-14.878011175));
#1343=DIRECTION('',(0.,0.,1.));
#1344=VECTOR('',#1343,4.5);
#1345=LINE('',#1342,#1344);
#1346=EDGE_CURVE('',#1333,#1341,#1345,.T.);
#1347=ORIENTED_EDGE('',*,*,#1346,.T.);
#1348=CARTESIAN_POINT('',(799.456127788,117.,-10.378011175));
#1349=VERTEX_POINT('',#1348);
#1350=CARTESIAN_POINT('',(785.056127788,117.,-10.378011175));
#1351=DIRECTION('',(1.,-0.,0.));
#1352=VECTOR('',#1351,14.4);
#1353=LINE('',#1350,#1352);
#1354=EDGE_CURVE('',#1341,#1349,#1353,.T.);
#1355=ORIENTED_EDGE('',*,*,#1354,.T.);
#1356=CARTESIAN_POINT('',(799.456127788,117.,-10.378011175));
#1357=DIRECTION('',(0.,0.,-1.));
#1358=VECTOR('',#1357,4.5);
#1359=LINE('',#1356,#1358);
#1360=EDGE_CURVE('',#1349,#1331,#1359,.T.);
#1361=ORIENTED_EDGE('',*,*,#1360,.T.);
#1362=EDGE_LOOP('',(#1339,#1347,#1355,#1361));
#1363=FACE_BOUND('',#1362,.T.);
#1364=CARTESIAN_POINT('',(849.456127788,117.,-14.878011175));
#1365=VERTEX_POINT('',#1364);
#1366=CARTESIAN_POINT('',(835.056127788,117.,-14.878011175));
#1367=VERTEX_POINT('',#1366);
#1368=CARTESIAN_POINT('',(849.456127788,117.,-14.878011175));
#1369=DIRECTION('',(-1.,0.,0.));
#1370=VECTOR('',#1369,14.4);
#1371=LINE('',#1368,#1370);
#1372=EDGE_CURVE('',#1365,#1367,#1371,.T.);
#1373=ORIENTED_EDGE('',*,*,#1372,.T.);
#1374=CARTESIAN_POINT('',(835.056127788,117.,-10.378011175));
#1375=VERTEX_POINT('',#1374);
#1376=CARTESIAN_POINT('',(835.056127788,117.,-14.878011175));
#1377=DIRECTION('',(0.,0.,1.));
#1378=VECTOR('',#1377,4.5);
#1379=LINE('',#1376,#1378);
#1380=EDGE_CURVE('',#1367,#1375,#1379,.T.);
#1381=ORIENTED_EDGE('',*,*,#1380,.T.);
#1382=CARTESIAN_POINT('',(849.456127788,117.,-10.378011175));
#1383=VERTEX_POINT('',#1382);
#1384=CARTESIAN_POINT('',(835.056127788,117.,-10.378011175));
#1385=DIRECTION('',(1.,-0.,0.));
#1386=VECTOR('',#1385,14.4);
#1387=LINE('',#1384,#1386);
#1388=EDGE_CURVE('',#1375,#1383,#1387,.T.);
#1389=ORIENTED_EDGE('',*,*,#1388,.T.);
#1390=CARTESIAN_POINT('',(849.456127788,117.,-10.378011175));
#1391=DIRECTION('',(0.,0.,-1.));
#1392=VECTOR('',#1391,4.5);
#1393=LINE('',#1390,#1392);
#1394=EDGE_CURVE('',#1383,#1365,#1393,.T.);
#1395=ORIENTED_EDGE('',*,*,#1394,.T.);
#1396=EDGE_LOOP('',(#1373,#1381,#1389,#1395));
#1397=FACE_BOUND('',#1396,.T.);
#1398=ADVANCED_FACE('',(#1193,#1227,#1261,#1295,#1329,#1363,#1397),#1177,.T.);
#1399=CARTESIAN_POINT('',(0.,0.,0.));
#1400=DIRECTION('',(0.,0.,-1.));
#1401=DIRECTION('',(-1.,0.,0.));
#1402=AXIS2_PLACEMENT_3D('',#1399,#1400,#1401);
#1403=PLANE('',#1402);
#1404=ORIENTED_EDGE('',*,*,#488,.T.);
#1405=CARTESIAN_POINT('',(918.,2.,0.));
#1406=DIRECTION('',(-0.,-0.,1.));
#1407=DIRECTION('',(-1.,0.,0.));
#1408=AXIS2_PLACEMENT_3D('',#1405,#1406,#1407);
#1409=CIRCLE('',#1408,2.);
#1410=EDGE_CURVE('',#475,#141,#1409,.T.);
#1411=ORIENTED_EDGE('',*,*,#1410,.T.);
#1412=ORIENTED_EDGE('',*,*,#148,.T.);
#1413=CARTESIAN_POINT('',(918.,118.,0.));
#1414=DIRECTION('',(-0.,-0.,1.));
#1415=DIRECTION('',(-1.,0.,0.));
#1416=AXIS2_PLACEMENT_3D('',#1413,#1414,#1415);
#1417=CIRCLE('',#1416,2.);
#1418=EDGE_CURVE('',#143,#709,#1417,.T.);
#1419=ORIENTED_EDGE('',*,*,#1418,.T.);
#1420=ORIENTED_EDGE('',*,*,#716,.T.);
#1421=CARTESIAN_POINT('',(622.,118.,0.));
#1422=DIRECTION('',(-0.,-0.,1.));
#1423=DIRECTION('',(-1.,0.,0.));
#1424=AXIS2_PLACEMENT_3D('',#1421,#1422,#1423);
#1425=CIRCLE('',#1424,2.);
#1426=EDGE_CURVE('',#711,#33,#1425,.T.);
#1427=ORIENTED_EDGE('',*,*,#1426,.T.);
#1428=ORIENTED_EDGE('',*,*,#40,.T.);
#1429=CARTESIAN_POINT('',(622.,2.,0.));
#1430=DIRECTION('',(-0.,-0.,1.));
#1431=DIRECTION('',(-1.,0.,0.));
#1432=AXIS2_PLACEMENT_3D('',#1429,#1430,#1431);
#1433=CIRCLE('',#1432,2.);
#1434=EDGE_CURVE('',#35,#483,#1433,.T.);
#1435=ORIENTED_EDGE('',*,*,#1434,.T.);
#1436=EDGE_LOOP('',(#1404,#1411,#1412,#1419,#1420,#1427,#1428,#1435));
#1437=FACE_BOUND('',#1436,.T.);
#1438=ADVANCED_FACE('',(#1437),#1403,.F.);
#1439=CARTESIAN_POINT('',(611.,60.,-26.5));
#1440=DIRECTION('',(0.,0.058234338,0.998302941));
#1441=DIRECTION('',(0.,-0.998302941,0.058234338));
#1442=AXIS2_PLACEMENT_3D('',#1439,#1440,#1441);
#1443=PLANE('',#1442);
#1444=ORIENTED_EDGE('',*,*,#164,.T.);
#1445=CARTESIAN_POINT('',(918.,2.,-23.116666667));
#1446=DIRECTION('',(-0.,-0.058234338,-0.998302941));
#1447=DIRECTION('',(-0.,-0.998302941,0.058234338));
#1448=AXIS2_PLACEMENT_3D('',#1445,#1446,#1447);
#1449=ELLIPSE('',#1448,2.003399888,2.);
#1450=EDGE_CURVE('',#151,#467,#1449,.T.);
#1451=ORIENTED_EDGE('',*,*,#1450,.T.);
#1452=ORIENTED_EDGE('',*,*,#472,.F.);
#1453=CARTESIAN_POINT('',(622.,2.,-23.116666667));
#1454=DIRECTION('',(-0.,-0.058234338,-0.998302941));
#1455=DIRECTION('',(-0.,-0.998302941,0.058234338));
#1456=AXIS2_PLACEMENT_3D('',#1453,#1454,#1455);
#1457=ELLIPSE('',#1456,2.003399888,2.);
#1458=EDGE_CURVE('',#465,#51,#1457,.T.);
#1459=ORIENTED_EDGE('',*,*,#1458,.T.);
#1460=ORIENTED_EDGE('',*,*,#56,.T.);
#1461=CARTESIAN_POINT('',(622.,118.,-29.883333333));
#1462=DIRECTION('',(-0.,-0.058234338,-0.998302941));
#1463=DIRECTION('',(-0.,-0.998302941,0.058234338));
#1464=AXIS2_PLACEMENT_3D('',#1461,#1462,#1463);
#1465=ELLIPSE('',#1464,2.003399888,2.);
#1466=EDGE_CURVE('',#43,#727,#1465,.T.);
#1467=ORIENTED_EDGE('',*,*,#1466,.T.);
#1468=ORIENTED_EDGE('',*,*,#732,.F.);
#1469=CARTESIAN_POINT('',(918.,118.,-29.883333333));
#1470=DIRECTION('',(-0.,-0.058234338,-0.998302941));
#1471=DIRECTION('',(-0.,-0.998302941,0.058234338));
#1472=AXIS2_PLACEMENT_3D('',#1469,#1470,#1471);
#1473=ELLIPSE('',#1472,2.003399888,2.);
#1474=EDGE_CURVE('',#719,#159,#1473,.T.);
#1475=ORIENTED_EDGE('',*,*,#1474,.T.);
#1476=EDGE_LOOP('',(#1444,#1451,#1452,#1459,#1460,#1467,#1468,#1475));
#1477=FACE_BOUND('',#1476,.T.);
#1478=ORIENTED_EDGE('',*,*,#364,.T.);
#1479=ORIENTED_EDGE('',*,*,#956,.T.);
#1480=ORIENTED_EDGE('',*,*,#256,.T.);
#1481=ORIENTED_EDGE('',*,*,#1182,.T.);
#1482=EDGE_LOOP('',(#1478,#1479,#1480,#1481));
#1483=FACE_BOUND('',#1482,.T.);
#1484=ADVANCED_FACE('',(#1477,#1483),#1443,.F.);
#1485=CARTESIAN_POINT('',(0.,0.,-5.));
#1486=DIRECTION('',(0.,0.,-1.));
#1487=DIRECTION('',(-1.,0.,0.));
#1488=AXIS2_PLACEMENT_3D('',#1485,#1486,#1487);
#1489=PLANE('',#1488);
#1490=CARTESIAN_POINT('',(869.6,8.,-5.));
#1491=VERTEX_POINT('',#1490);
#1492=CARTESIAN_POINT('',(865.4,8.,-5.));
#1493=VERTEX_POINT('',#1492);
#1494=CARTESIAN_POINT('',(867.5,8.,-5.));
#1495=DIRECTION('',(0.,0.,-1.));
#1496=DIRECTION('',(-1.,0.,0.));
#1497=AXIS2_PLACEMENT_3D('',#1494,#1495,#1496);
#1498=CIRCLE('',#1497,2.1);
#1499=EDGE_CURVE('',#1491,#1493,#1498,.T.);
#1500=ORIENTED_EDGE('',*,*,#1499,.F.);
#1501=CARTESIAN_POINT('',(867.5,8.,-5.));
#1502=DIRECTION('',(0.,0.,-1.));
#1503=DIRECTION('',(-1.,0.,0.));
#1504=AXIS2_PLACEMENT_3D('',#1501,#1502,#1503);
#1505=CIRCLE('',#1504,2.1);
#1506=EDGE_CURVE('',#1493,#1491,#1505,.T.);
#1507=ORIENTED_EDGE('',*,*,#1506,.F.);
#1508=EDGE_LOOP('',(#1500,#1507));
#1509=FACE_BOUND('',#1508,.T.);
#1510=CARTESIAN_POINT('',(666.,97.7,-5.));
#1511=VERTEX_POINT('',#1510);
#1512=CARTESIAN_POINT('',(661.8,97.7,-5.));
#1513=VERTEX_POINT('',#1512);
#1514=CARTESIAN_POINT('',(663.9,97.7,-5.));
#1515=DIRECTION('',(0.,0.,-1.));
#1516=DIRECTION('',(-1.,0.,0.));
#1517=AXIS2_PLACEMENT_3D('',#1514,#1515,#1516);
#1518=CIRCLE('',#1517,2.1);
#1519=EDGE_CURVE('',#1511,#1513,#1518,.T.);
#1520=ORIENTED_EDGE('',*,*,#1519,.F.);
#1521=CARTESIAN_POINT('',(663.9,97.7,-5.));
#1522=DIRECTION('',(0.,0.,-1.));
#1523=DIRECTION('',(-1.,0.,0.));
#1524=AXIS2_PLACEMENT_3D('',#1521,#1522,#1523);
#1525=CIRCLE('',#1524,2.1);
#1526=EDGE_CURVE('',#1513,#1511,#1525,.T.);
#1527=ORIENTED_EDGE('',*,*,#1526,.F.);
#1528=EDGE_LOOP('',(#1520,#1527));
#1529=FACE_BOUND('',#1528,.T.);
#1530=CARTESIAN_POINT('',(665.7,7.8,-5.));
#1531=VERTEX_POINT('',#1530);
#1532=CARTESIAN_POINT('',(661.5,7.8,-5.));
#1533=VERTEX_POINT('',#1532);
#1534=CARTESIAN_POINT('',(663.6,7.8,-5.));
#1535=DIRECTION('',(0.,0.,-1.));
#1536=DIRECTION('',(-1.,0.,0.));
#1537=AXIS2_PLACEMENT_3D('',#1534,#1535,#1536);
#1538=CIRCLE('',#1537,2.1);
#1539=EDGE_CURVE('',#1531,#1533,#1538,.T.);
#1540=ORIENTED_EDGE('',*,*,#1539,.F.);
#1541=CARTESIAN_POINT('',(663.6,7.8,-5.));
#1542=DIRECTION('',(0.,0.,-1.));
#1543=DIRECTION('',(-1.,0.,0.));
#1544=AXIS2_PLACEMENT_3D('',#1541,#1542,#1543);
#1545=CIRCLE('',#1544,2.1);
#1546=EDGE_CURVE('',#1533,#1531,#1545,.T.);
#1547=ORIENTED_EDGE('',*,*,#1546,.F.);
#1548=EDGE_LOOP('',(#1540,#1547));
#1549=FACE_BOUND('',#1548,.T.);
#1550=ORIENTED_EDGE('',*,*,#380,.F.);
#1551=ORIENTED_EDGE('',*,*,#1189,.F.);
#1552=ORIENTED_EDGE('',*,*,#272,.F.);
#1553=ORIENTED_EDGE('',*,*,#963,.F.);
#1554=EDGE_LOOP('',(#1550,#1551,#1552,#1553));
#1555=FACE_BOUND('',#1554,.T.);
#1556=ADVANCED_FACE('',(#1509,#1529,#1549,#1555),#1489,.T.);
#1557=CARTESIAN_POINT('',(622.,2.,-5.));
#1558=DIRECTION('',(0.,0.,1.));
#1559=DIRECTION('',(1.,0.,-0.));
#1560=AXIS2_PLACEMENT_3D('',#1557,#1558,#1559);
#1561=CYLINDRICAL_SURFACE('',#1560,2.);
#1562=ORIENTED_EDGE('',*,*,#1458,.F.);
#1563=ORIENTED_EDGE('',*,*,#494,.F.);
#1564=ORIENTED_EDGE('',*,*,#1434,.F.);
#1565=ORIENTED_EDGE('',*,*,#62,.F.);
#1566=EDGE_LOOP('',(#1562,#1563,#1564,#1565));
#1567=FACE_BOUND('',#1566,.T.);
#1568=ADVANCED_FACE('',(#1567),#1561,.T.);
#1569=CARTESIAN_POINT('',(622.,118.,-5.));
#1570=DIRECTION('',(0.,0.,1.));
#1571=DIRECTION('',(1.,0.,-0.));
#1572=AXIS2_PLACEMENT_3D('',#1569,#1570,#1571);
#1573=CYLINDRICAL_SURFACE('',#1572,2.);
#1574=ORIENTED_EDGE('',*,*,#1466,.F.);
#1575=ORIENTED_EDGE('',*,*,#48,.F.);
#1576=ORIENTED_EDGE('',*,*,#1426,.F.);
#1577=ORIENTED_EDGE('',*,*,#738,.F.);
#1578=EDGE_LOOP('',(#1574,#1575,#1576,#1577));
#1579=FACE_BOUND('',#1578,.T.);
#1580=ADVANCED_FACE('',(#1579),#1573,.T.);
#1581=CARTESIAN_POINT('',(918.,118.,-5.));
#1582=DIRECTION('',(0.,0.,1.));
#1583=DIRECTION('',(1.,0.,-0.));
#1584=AXIS2_PLACEMENT_3D('',#1581,#1582,#1583);
#1585=CYLINDRICAL_SURFACE('',#1584,2.);
#1586=ORIENTED_EDGE('',*,*,#1474,.F.);
#1587=ORIENTED_EDGE('',*,*,#724,.F.);
#1588=ORIENTED_EDGE('',*,*,#1418,.F.);
#1589=ORIENTED_EDGE('',*,*,#170,.F.);
#1590=EDGE_LOOP('',(#1586,#1587,#1588,#1589));
#1591=FACE_BOUND('',#1590,.T.);
#1592=ADVANCED_FACE('',(#1591),#1585,.T.);
#1593=CARTESIAN_POINT('',(918.,2.,-5.));
#1594=DIRECTION('',(0.,0.,1.));
#1595=DIRECTION('',(1.,0.,-0.));
#1596=AXIS2_PLACEMENT_3D('',#1593,#1594,#1595);
#1597=CYLINDRICAL_SURFACE('',#1596,2.);
#1598=ORIENTED_EDGE('',*,*,#1450,.F.);
#1599=ORIENTED_EDGE('',*,*,#156,.F.);
#1600=ORIENTED_EDGE('',*,*,#1410,.F.);
#1601=ORIENTED_EDGE('',*,*,#480,.F.);
#1602=EDGE_LOOP('',(#1598,#1599,#1600,#1601));
#1603=FACE_BOUND('',#1602,.T.);
#1604=ADVANCED_FACE('',(#1603),#1597,.T.);
#1605=CARTESIAN_POINT('',(742.256127788,157.,-10.378011175));
#1606=DIRECTION('',(0.,0.,-1.));
#1607=DIRECTION('',(-1.,0.,-0.));
#1608=AXIS2_PLACEMENT_3D('',#1605,#1606,#1607);
#1609=PLANE('',#1608);
#1610=CARTESIAN_POINT('',(749.456127788,120.,-10.378011175));
#1611=DIRECTION('',(0.,-1.,0.));
#1612=VECTOR('',#1611,3.);
#1613=LINE('',#1610,#1612);
#1614=EDGE_CURVE('',#743,#1213,#1613,.T.);
#1615=ORIENTED_EDGE('',*,*,#1614,.T.);
#1616=ORIENTED_EDGE('',*,*,#1218,.F.);
#1617=CARTESIAN_POINT('',(735.056127788,120.,-10.378011175));
#1618=DIRECTION('',(0.,-1.,0.));
#1619=VECTOR('',#1618,3.);
#1620=LINE('',#1617,#1619);
#1621=EDGE_CURVE('',#745,#1205,#1620,.T.);
#1622=ORIENTED_EDGE('',*,*,#1621,.F.);
#1623=ORIENTED_EDGE('',*,*,#750,.F.);
#1624=EDGE_LOOP('',(#1615,#1616,#1622,#1623));
#1625=FACE_BOUND('',#1624,.T.);
#1626=ADVANCED_FACE('',(#1625),#1609,.T.);
#1627=CARTESIAN_POINT('',(749.456127788,157.,-12.628011175));
#1628=DIRECTION('',(-1.,-0.,0.));
#1629=DIRECTION('',(0.,-1.,0.));
#1630=AXIS2_PLACEMENT_3D('',#1627,#1628,#1629);
#1631=PLANE('',#1630);
#1632=CARTESIAN_POINT('',(749.456127788,120.,-14.878011175));
#1633=DIRECTION('',(0.,-1.,0.));
#1634=VECTOR('',#1633,3.);
#1635=LINE('',#1632,#1634);
#1636=EDGE_CURVE('',#761,#1195,#1635,.T.);
#1637=ORIENTED_EDGE('',*,*,#1636,.T.);
#1638=ORIENTED_EDGE('',*,*,#1224,.F.);
#1639=ORIENTED_EDGE('',*,*,#1614,.F.);
#1640=ORIENTED_EDGE('',*,*,#772,.F.);
#1641=EDGE_LOOP('',(#1637,#1638,#1639,#1640));
#1642=FACE_BOUND('',#1641,.T.);
#1643=ADVANCED_FACE('',(#1642),#1631,.T.);
#1644=CARTESIAN_POINT('',(742.256127788,157.,-14.878011175));
#1645=DIRECTION('',(0.,0.,1.));
#1646=DIRECTION('',(1.,0.,0.));
#1647=AXIS2_PLACEMENT_3D('',#1644,#1645,#1646);
#1648=PLANE('',#1647);
#1649=CARTESIAN_POINT('',(735.056127788,120.,-14.878011175));
#1650=DIRECTION('',(0.,-1.,0.));
#1651=VECTOR('',#1650,3.);
#1652=LINE('',#1649,#1651);
#1653=EDGE_CURVE('',#753,#1197,#1652,.T.);
#1654=ORIENTED_EDGE('',*,*,#1653,.T.);
#1655=ORIENTED_EDGE('',*,*,#1202,.F.);
#1656=ORIENTED_EDGE('',*,*,#1636,.F.);
#1657=ORIENTED_EDGE('',*,*,#766,.F.);
#1658=EDGE_LOOP('',(#1654,#1655,#1656,#1657));
#1659=FACE_BOUND('',#1658,.T.);
#1660=ADVANCED_FACE('',(#1659),#1648,.T.);
#1661=CARTESIAN_POINT('',(735.056127788,157.,-12.628011175));
#1662=DIRECTION('',(1.,0.,0.));
#1663=DIRECTION('',(-0.,1.,0.));
#1664=AXIS2_PLACEMENT_3D('',#1661,#1662,#1663);
#1665=PLANE('',#1664);
#1666=ORIENTED_EDGE('',*,*,#1621,.T.);
#1667=ORIENTED_EDGE('',*,*,#1210,.F.);
#1668=ORIENTED_EDGE('',*,*,#1653,.F.);
#1669=ORIENTED_EDGE('',*,*,#758,.F.);
#1670=EDGE_LOOP('',(#1666,#1667,#1668,#1669));
#1671=FACE_BOUND('',#1670,.T.);
#1672=ADVANCED_FACE('',(#1671),#1665,.T.);
#1673=CARTESIAN_POINT('',(735.056127788,157.,-12.628011175));
#1674=DIRECTION('',(1.,0.,0.));
#1675=DIRECTION('',(-0.,1.,0.));
#1676=AXIS2_PLACEMENT_3D('',#1673,#1674,#1675);
#1677=PLANE('',#1676);
#1678=CARTESIAN_POINT('',(735.056127788,3.,-10.378011175));
#1679=DIRECTION('',(0.,-1.,0.));
#1680=VECTOR('',#1679,3.);
#1681=LINE('',#1678,#1680);
#1682=EDGE_CURVE('',#971,#509,#1681,.T.);
#1683=ORIENTED_EDGE('',*,*,#1682,.T.);
#1684=ORIENTED_EDGE('',*,*,#514,.F.);
#1685=CARTESIAN_POINT('',(735.056127788,3.,-14.878011175));
#1686=DIRECTION('',(0.,-1.,0.));
#1687=VECTOR('',#1686,3.);
#1688=LINE('',#1685,#1687);
#1689=EDGE_CURVE('',#979,#501,#1688,.T.);
#1690=ORIENTED_EDGE('',*,*,#1689,.F.);
#1691=ORIENTED_EDGE('',*,*,#984,.F.);
#1692=EDGE_LOOP('',(#1683,#1684,#1690,#1691));
#1693=FACE_BOUND('',#1692,.T.);
#1694=ADVANCED_FACE('',(#1693),#1677,.T.);
#1695=CARTESIAN_POINT('',(742.256127788,157.,-14.878011175));
#1696=DIRECTION('',(0.,0.,1.));
#1697=DIRECTION('',(1.,0.,0.));
#1698=AXIS2_PLACEMENT_3D('',#1695,#1696,#1697);
#1699=PLANE('',#1698);
#1700=ORIENTED_EDGE('',*,*,#1689,.T.);
#1701=ORIENTED_EDGE('',*,*,#506,.F.);
#1702=CARTESIAN_POINT('',(749.456127788,3.,-14.878011175));
#1703=DIRECTION('',(0.,-1.,0.));
#1704=VECTOR('',#1703,3.);
#1705=LINE('',#1702,#1704);
#1706=EDGE_CURVE('',#987,#499,#1705,.T.);
#1707=ORIENTED_EDGE('',*,*,#1706,.F.);
#1708=ORIENTED_EDGE('',*,*,#992,.F.);
#1709=EDGE_LOOP('',(#1700,#1701,#1707,#1708));
#1710=FACE_BOUND('',#1709,.T.);
#1711=ADVANCED_FACE('',(#1710),#1699,.T.);
#1712=CARTESIAN_POINT('',(749.456127788,157.,-12.628011175));
#1713=DIRECTION('',(-1.,-0.,0.));
#1714=DIRECTION('',(0.,-1.,0.));
#1715=AXIS2_PLACEMENT_3D('',#1712,#1713,#1714);
#1716=PLANE('',#1715);
#1717=ORIENTED_EDGE('',*,*,#1706,.T.);
#1718=ORIENTED_EDGE('',*,*,#528,.F.);
#1719=CARTESIAN_POINT('',(749.456127788,3.,-10.378011175));
#1720=DIRECTION('',(0.,-1.,0.));
#1721=VECTOR('',#1720,3.);
#1722=LINE('',#1719,#1721);
#1723=EDGE_CURVE('',#969,#517,#1722,.T.);
#1724=ORIENTED_EDGE('',*,*,#1723,.F.);
#1725=ORIENTED_EDGE('',*,*,#998,.F.);
#1726=EDGE_LOOP('',(#1717,#1718,#1724,#1725));
#1727=FACE_BOUND('',#1726,.T.);
#1728=ADVANCED_FACE('',(#1727),#1716,.T.);
#1729=CARTESIAN_POINT('',(742.256127788,157.,-10.378011175));
#1730=DIRECTION('',(0.,0.,-1.));
#1731=DIRECTION('',(-1.,0.,-0.));
#1732=AXIS2_PLACEMENT_3D('',#1729,#1730,#1731);
#1733=PLANE('',#1732);
#1734=ORIENTED_EDGE('',*,*,#1723,.T.);
#1735=ORIENTED_EDGE('',*,*,#522,.F.);
#1736=ORIENTED_EDGE('',*,*,#1682,.F.);
#1737=ORIENTED_EDGE('',*,*,#976,.F.);
#1738=EDGE_LOOP('',(#1734,#1735,#1736,#1737));
#1739=FACE_BOUND('',#1738,.T.);
#1740=ADVANCED_FACE('',(#1739),#1733,.T.);
#1741=CARTESIAN_POINT('',(642.256127788,157.,-10.378011175));
#1742=DIRECTION('',(0.,0.,-1.));
#1743=DIRECTION('',(-1.,0.,-0.));
#1744=AXIS2_PLACEMENT_3D('',#1741,#1742,#1743);
#1745=PLANE('',#1744);
#1746=CARTESIAN_POINT('',(649.456127788,120.,-10.378011175));
#1747=DIRECTION('',(0.,-1.,0.));
#1748=VECTOR('',#1747,3.);
#1749=LINE('',#1746,#1748);
#1750=EDGE_CURVE('',#777,#1247,#1749,.T.);
#1751=ORIENTED_EDGE('',*,*,#1750,.T.);
#1752=ORIENTED_EDGE('',*,*,#1252,.F.);
#1753=CARTESIAN_POINT('',(635.056127788,120.,-10.378011175));
#1754=DIRECTION('',(0.,-1.,0.));
#1755=VECTOR('',#1754,3.);
#1756=LINE('',#1753,#1755);
#1757=EDGE_CURVE('',#779,#1239,#1756,.T.);
#1758=ORIENTED_EDGE('',*,*,#1757,.F.);
#1759=ORIENTED_EDGE('',*,*,#784,.F.);
#1760=EDGE_LOOP('',(#1751,#1752,#1758,#1759));
#1761=FACE_BOUND('',#1760,.T.);
#1762=ADVANCED_FACE('',(#1761),#1745,.T.);
#1763=CARTESIAN_POINT('',(649.456127788,157.,-12.628011175));
#1764=DIRECTION('',(-1.,-0.,0.));
#1765=DIRECTION('',(0.,-1.,0.));
#1766=AXIS2_PLACEMENT_3D('',#1763,#1764,#1765);
#1767=PLANE('',#1766);
#1768=CARTESIAN_POINT('',(649.456127788,120.,-14.878011175));
#1769=DIRECTION('',(0.,-1.,0.));
#1770=VECTOR('',#1769,3.);
#1771=LINE('',#1768,#1770);
#1772=EDGE_CURVE('',#795,#1229,#1771,.T.);
#1773=ORIENTED_EDGE('',*,*,#1772,.T.);
#1774=ORIENTED_EDGE('',*,*,#1258,.F.);
#1775=ORIENTED_EDGE('',*,*,#1750,.F.);
#1776=ORIENTED_EDGE('',*,*,#806,.F.);
#1777=EDGE_LOOP('',(#1773,#1774,#1775,#1776));
#1778=FACE_BOUND('',#1777,.T.);
#1779=ADVANCED_FACE('',(#1778),#1767,.T.);
#1780=CARTESIAN_POINT('',(642.256127788,157.,-14.878011175));
#1781=DIRECTION('',(0.,0.,1.));
#1782=DIRECTION('',(1.,0.,0.));
#1783=AXIS2_PLACEMENT_3D('',#1780,#1781,#1782);
#1784=PLANE('',#1783);
#1785=CARTESIAN_POINT('',(635.056127788,120.,-14.878011175));
#1786=DIRECTION('',(0.,-1.,0.));
#1787=VECTOR('',#1786,3.);
#1788=LINE('',#1785,#1787);
#1789=EDGE_CURVE('',#787,#1231,#1788,.T.);
#1790=ORIENTED_EDGE('',*,*,#1789,.T.);
#1791=ORIENTED_EDGE('',*,*,#1236,.F.);
#1792=ORIENTED_EDGE('',*,*,#1772,.F.);
#1793=ORIENTED_EDGE('',*,*,#800,.F.);
#1794=EDGE_LOOP('',(#1790,#1791,#1792,#1793));
#1795=FACE_BOUND('',#1794,.T.);
#1796=ADVANCED_FACE('',(#1795),#1784,.T.);
#1797=CARTESIAN_POINT('',(635.056127788,157.,-12.628011175));
#1798=DIRECTION('',(1.,0.,0.));
#1799=DIRECTION('',(-0.,1.,0.));
#1800=AXIS2_PLACEMENT_3D('',#1797,#1798,#1799);
#1801=PLANE('',#1800);
#1802=ORIENTED_EDGE('',*,*,#1757,.T.);
#1803=ORIENTED_EDGE('',*,*,#1244,.F.);
#1804=ORIENTED_EDGE('',*,*,#1789,.F.);
#1805=ORIENTED_EDGE('',*,*,#792,.F.);
#1806=EDGE_LOOP('',(#1802,#1803,#1804,#1805));
#1807=FACE_BOUND('',#1806,.T.);
#1808=ADVANCED_FACE('',(#1807),#1801,.T.);
#1809=CARTESIAN_POINT('',(635.056127788,157.,-12.628011175));
#1810=DIRECTION('',(1.,0.,0.));
#1811=DIRECTION('',(-0.,1.,0.));
#1812=AXIS2_PLACEMENT_3D('',#1809,#1810,#1811);
#1813=PLANE('',#1812);
#1814=CARTESIAN_POINT('',(635.056127788,3.,-10.378011175));
#1815=DIRECTION('',(0.,-1.,0.));
#1816=VECTOR('',#1815,3.);
#1817=LINE('',#1814,#1816);
#1818=EDGE_CURVE('',#1005,#543,#1817,.T.);
#1819=ORIENTED_EDGE('',*,*,#1818,.T.);
#1820=ORIENTED_EDGE('',*,*,#548,.F.);
#1821=CARTESIAN_POINT('',(635.056127788,3.,-14.878011175));
#1822=DIRECTION('',(0.,-1.,0.));
#1823=VECTOR('',#1822,3.);
#1824=LINE('',#1821,#1823);
#1825=EDGE_CURVE('',#1013,#535,#1824,.T.);
#1826=ORIENTED_EDGE('',*,*,#1825,.F.);
#1827=ORIENTED_EDGE('',*,*,#1018,.F.);
#1828=EDGE_LOOP('',(#1819,#1820,#1826,#1827));
#1829=FACE_BOUND('',#1828,.T.);
#1830=ADVANCED_FACE('',(#1829),#1813,.T.);
#1831=CARTESIAN_POINT('',(642.256127788,157.,-14.878011175));
#1832=DIRECTION('',(0.,0.,1.));
#1833=DIRECTION('',(1.,0.,0.));
#1834=AXIS2_PLACEMENT_3D('',#1831,#1832,#1833);
#1835=PLANE('',#1834);
#1836=ORIENTED_EDGE('',*,*,#1825,.T.);
#1837=ORIENTED_EDGE('',*,*,#540,.F.);
#1838=CARTESIAN_POINT('',(649.456127788,3.,-14.878011175));
#1839=DIRECTION('',(0.,-1.,0.));
#1840=VECTOR('',#1839,3.);
#1841=LINE('',#1838,#1840);
#1842=EDGE_CURVE('',#1021,#533,#1841,.T.);
#1843=ORIENTED_EDGE('',*,*,#1842,.F.);
#1844=ORIENTED_EDGE('',*,*,#1026,.F.);
#1845=EDGE_LOOP('',(#1836,#1837,#1843,#1844));
#1846=FACE_BOUND('',#1845,.T.);
#1847=ADVANCED_FACE('',(#1846),#1835,.T.);
#1848=CARTESIAN_POINT('',(649.456127788,157.,-12.628011175));
#1849=DIRECTION('',(-1.,-0.,0.));
#1850=DIRECTION('',(0.,-1.,0.));
#1851=AXIS2_PLACEMENT_3D('',#1848,#1849,#1850);
#1852=PLANE('',#1851);
#1853=ORIENTED_EDGE('',*,*,#1842,.T.);
#1854=ORIENTED_EDGE('',*,*,#562,.F.);
#1855=CARTESIAN_POINT('',(649.456127788,3.,-10.378011175));
#1856=DIRECTION('',(0.,-1.,0.));
#1857=VECTOR('',#1856,3.);
#1858=LINE('',#1855,#1857);
#1859=EDGE_CURVE('',#1003,#551,#1858,.T.);
#1860=ORIENTED_EDGE('',*,*,#1859,.F.);
#1861=ORIENTED_EDGE('',*,*,#1032,.F.);
#1862=EDGE_LOOP('',(#1853,#1854,#1860,#1861));
#1863=FACE_BOUND('',#1862,.T.);
#1864=ADVANCED_FACE('',(#1863),#1852,.T.);
#1865=CARTESIAN_POINT('',(642.256127788,157.,-10.378011175));
#1866=DIRECTION('',(0.,0.,-1.));
#1867=DIRECTION('',(-1.,0.,-0.));
#1868=AXIS2_PLACEMENT_3D('',#1865,#1866,#1867);
#1869=PLANE('',#1868);
#1870=ORIENTED_EDGE('',*,*,#1859,.T.);
#1871=ORIENTED_EDGE('',*,*,#556,.F.);
#1872=ORIENTED_EDGE('',*,*,#1818,.F.);
#1873=ORIENTED_EDGE('',*,*,#1010,.F.);
#1874=EDGE_LOOP('',(#1870,#1871,#1872,#1873));
#1875=FACE_BOUND('',#1874,.T.);
#1876=ADVANCED_FACE('',(#1875),#1869,.T.);
#1877=CARTESIAN_POINT('',(892.256127788,157.,-10.378011175));
#1878=DIRECTION('',(0.,0.,-1.));
#1879=DIRECTION('',(-1.,0.,-0.));
#1880=AXIS2_PLACEMENT_3D('',#1877,#1878,#1879);
#1881=PLANE('',#1880);
#1882=CARTESIAN_POINT('',(899.456127788,120.,-10.378011175));
#1883=DIRECTION('',(0.,-1.,0.));
#1884=VECTOR('',#1883,3.);
#1885=LINE('',#1882,#1884);
#1886=EDGE_CURVE('',#811,#1281,#1885,.T.);
#1887=ORIENTED_EDGE('',*,*,#1886,.T.);
#1888=ORIENTED_EDGE('',*,*,#1286,.F.);
#1889=CARTESIAN_POINT('',(885.056127788,120.,-10.378011175));
#1890=DIRECTION('',(0.,-1.,0.));
#1891=VECTOR('',#1890,3.);
#1892=LINE('',#1889,#1891);
#1893=EDGE_CURVE('',#813,#1273,#1892,.T.);
#1894=ORIENTED_EDGE('',*,*,#1893,.F.);
#1895=ORIENTED_EDGE('',*,*,#818,.F.);
#1896=EDGE_LOOP('',(#1887,#1888,#1894,#1895));
#1897=FACE_BOUND('',#1896,.T.);
#1898=ADVANCED_FACE('',(#1897),#1881,.T.);
#1899=CARTESIAN_POINT('',(899.456127788,157.,-12.628011175));
#1900=DIRECTION('',(-1.,-0.,0.));
#1901=DIRECTION('',(0.,-1.,0.));
#1902=AXIS2_PLACEMENT_3D('',#1899,#1900,#1901);
#1903=PLANE('',#1902);
#1904=CARTESIAN_POINT('',(899.456127788,120.,-14.878011175));
#1905=DIRECTION('',(0.,-1.,0.));
#1906=VECTOR('',#1905,3.);
#1907=LINE('',#1904,#1906);
#1908=EDGE_CURVE('',#829,#1263,#1907,.T.);
#1909=ORIENTED_EDGE('',*,*,#1908,.T.);
#1910=ORIENTED_EDGE('',*,*,#1292,.F.);
#1911=ORIENTED_EDGE('',*,*,#1886,.F.);
#1912=ORIENTED_EDGE('',*,*,#840,.F.);
#1913=EDGE_LOOP('',(#1909,#1910,#1911,#1912));
#1914=FACE_BOUND('',#1913,.T.);
#1915=ADVANCED_FACE('',(#1914),#1903,.T.);
#1916=CARTESIAN_POINT('',(892.256127788,157.,-14.878011175));
#1917=DIRECTION('',(0.,0.,1.));
#1918=DIRECTION('',(1.,0.,0.));
#1919=AXIS2_PLACEMENT_3D('',#1916,#1917,#1918);
#1920=PLANE('',#1919);
#1921=CARTESIAN_POINT('',(885.056127788,120.,-14.878011175));
#1922=DIRECTION('',(0.,-1.,0.));
#1923=VECTOR('',#1922,3.);
#1924=LINE('',#1921,#1923);
#1925=EDGE_CURVE('',#821,#1265,#1924,.T.);
#1926=ORIENTED_EDGE('',*,*,#1925,.T.);
#1927=ORIENTED_EDGE('',*,*,#1270,.F.);
#1928=ORIENTED_EDGE('',*,*,#1908,.F.);
#1929=ORIENTED_EDGE('',*,*,#834,.F.);
#1930=EDGE_LOOP('',(#1926,#1927,#1928,#1929));
#1931=FACE_BOUND('',#1930,.T.);
#1932=ADVANCED_FACE('',(#1931),#1920,.T.);
#1933=CARTESIAN_POINT('',(885.056127788,157.,-12.628011175));
#1934=DIRECTION('',(1.,0.,0.));
#1935=DIRECTION('',(-0.,1.,0.));
#1936=AXIS2_PLACEMENT_3D('',#1933,#1934,#1935);
#1937=PLANE('',#1936);
#1938=ORIENTED_EDGE('',*,*,#1893,.T.);
#1939=ORIENTED_EDGE('',*,*,#1278,.F.);
#1940=ORIENTED_EDGE('',*,*,#1925,.F.);
#1941=ORIENTED_EDGE('',*,*,#826,.F.);
#1942=EDGE_LOOP('',(#1938,#1939,#1940,#1941));
#1943=FACE_BOUND('',#1942,.T.);
#1944=ADVANCED_FACE('',(#1943),#1937,.T.);
#1945=CARTESIAN_POINT('',(885.056127788,157.,-12.628011175));
#1946=DIRECTION('',(1.,0.,0.));
#1947=DIRECTION('',(-0.,1.,0.));
#1948=AXIS2_PLACEMENT_3D('',#1945,#1946,#1947);
#1949=PLANE('',#1948);
#1950=CARTESIAN_POINT('',(885.056127788,3.,-10.378011175));
#1951=DIRECTION('',(0.,-1.,0.));
#1952=VECTOR('',#1951,3.);
#1953=LINE('',#1950,#1952);
#1954=EDGE_CURVE('',#1039,#577,#1953,.T.);
#1955=ORIENTED_EDGE('',*,*,#1954,.T.);
#1956=ORIENTED_EDGE('',*,*,#582,.F.);
#1957=CARTESIAN_POINT('',(885.056127788,3.,-14.878011175));
#1958=DIRECTION('',(0.,-1.,0.));
#1959=VECTOR('',#1958,3.);
#1960=LINE('',#1957,#1959);
#1961=EDGE_CURVE('',#1047,#569,#1960,.T.);
#1962=ORIENTED_EDGE('',*,*,#1961,.F.);
#1963=ORIENTED_EDGE('',*,*,#1052,.F.);
#1964=EDGE_LOOP('',(#1955,#1956,#1962,#1963));
#1965=FACE_BOUND('',#1964,.T.);
#1966=ADVANCED_FACE('',(#1965),#1949,.T.);
#1967=CARTESIAN_POINT('',(892.256127788,157.,-14.878011175));
#1968=DIRECTION('',(0.,0.,1.));
#1969=DIRECTION('',(1.,0.,0.));
#1970=AXIS2_PLACEMENT_3D('',#1967,#1968,#1969);
#1971=PLANE('',#1970);
#1972=ORIENTED_EDGE('',*,*,#1961,.T.);
#1973=ORIENTED_EDGE('',*,*,#574,.F.);
#1974=CARTESIAN_POINT('',(899.456127788,3.,-14.878011175));
#1975=DIRECTION('',(0.,-1.,0.));
#1976=VECTOR('',#1975,3.);
#1977=LINE('',#1974,#1976);
#1978=EDGE_CURVE('',#1055,#567,#1977,.T.);
#1979=ORIENTED_EDGE('',*,*,#1978,.F.);
#1980=ORIENTED_EDGE('',*,*,#1060,.F.);
#1981=EDGE_LOOP('',(#1972,#1973,#1979,#1980));
#1982=FACE_BOUND('',#1981,.T.);
#1983=ADVANCED_FACE('',(#1982),#1971,.T.);
#1984=CARTESIAN_POINT('',(899.456127788,157.,-12.628011175));
#1985=DIRECTION('',(-1.,-0.,0.));
#1986=DIRECTION('',(0.,-1.,0.));
#1987=AXIS2_PLACEMENT_3D('',#1984,#1985,#1986);
#1988=PLANE('',#1987);
#1989=ORIENTED_EDGE('',*,*,#1978,.T.);
#1990=ORIENTED_EDGE('',*,*,#596,.F.);
#1991=CARTESIAN_POINT('',(899.456127788,3.,-10.378011175));
#1992=DIRECTION('',(0.,-1.,0.));
#1993=VECTOR('',#1992,3.);
#1994=LINE('',#1991,#1993);
#1995=EDGE_CURVE('',#1037,#585,#1994,.T.);
#1996=ORIENTED_EDGE('',*,*,#1995,.F.);
#1997=ORIENTED_EDGE('',*,*,#1066,.F.);
#1998=EDGE_LOOP('',(#1989,#1990,#1996,#1997));
#1999=FACE_BOUND('',#1998,.T.);
#2000=ADVANCED_FACE('',(#1999),#1988,.T.);
#2001=CARTESIAN_POINT('',(892.256127788,157.,-10.378011175));
#2002=DIRECTION('',(0.,0.,-1.));
#2003=DIRECTION('',(-1.,0.,-0.));
#2004=AXIS2_PLACEMENT_3D('',#2001,#2002,#2003);
#2005=PLANE('',#2004);
#2006=ORIENTED_EDGE('',*,*,#1995,.T.);
#2007=ORIENTED_EDGE('',*,*,#590,.F.);
#2008=ORIENTED_EDGE('',*,*,#1954,.F.);
#2009=ORIENTED_EDGE('',*,*,#1044,.F.);
#2010=EDGE_LOOP('',(#2006,#2007,#2008,#2009));
#2011=FACE_BOUND('',#2010,.T.);
#2012=ADVANCED_FACE('',(#2011),#2005,.T.);
#2013=CARTESIAN_POINT('',(692.256127788,157.,-10.378011175));
#2014=DIRECTION('',(0.,0.,-1.));
#2015=DIRECTION('',(-1.,0.,-0.));
#2016=AXIS2_PLACEMENT_3D('',#2013,#2014,#2015);
#2017=PLANE('',#2016);
#2018=CARTESIAN_POINT('',(699.456127788,120.,-10.378011175));
#2019=DIRECTION('',(0.,-1.,0.));
#2020=VECTOR('',#2019,3.);
#2021=LINE('',#2018,#2020);
#2022=EDGE_CURVE('',#845,#1315,#2021,.T.);
#2023=ORIENTED_EDGE('',*,*,#2022,.T.);
#2024=ORIENTED_EDGE('',*,*,#1320,.F.);
#2025=CARTESIAN_POINT('',(685.056127788,120.,-10.378011175));
#2026=DIRECTION('',(0.,-1.,0.));
#2027=VECTOR('',#2026,3.);
#2028=LINE('',#2025,#2027);
#2029=EDGE_CURVE('',#847,#1307,#2028,.T.);
#2030=ORIENTED_EDGE('',*,*,#2029,.F.);
#2031=ORIENTED_EDGE('',*,*,#852,.F.);
#2032=EDGE_LOOP('',(#2023,#2024,#2030,#2031));
#2033=FACE_BOUND('',#2032,.T.);
#2034=ADVANCED_FACE('',(#2033),#2017,.T.);
#2035=CARTESIAN_POINT('',(699.456127788,157.,-12.628011175));
#2036=DIRECTION('',(-1.,-0.,0.));
#2037=DIRECTION('',(0.,-1.,0.));
#2038=AXIS2_PLACEMENT_3D('',#2035,#2036,#2037);
#2039=PLANE('',#2038);
#2040=CARTESIAN_POINT('',(699.456127788,120.,-14.878011175));
#2041=DIRECTION('',(0.,-1.,0.));
#2042=VECTOR('',#2041,3.);
#2043=LINE('',#2040,#2042);
#2044=EDGE_CURVE('',#863,#1297,#2043,.T.);
#2045=ORIENTED_EDGE('',*,*,#2044,.T.);
#2046=ORIENTED_EDGE('',*,*,#1326,.F.);
#2047=ORIENTED_EDGE('',*,*,#2022,.F.);
#2048=ORIENTED_EDGE('',*,*,#874,.F.);
#2049=EDGE_LOOP('',(#2045,#2046,#2047,#2048));
#2050=FACE_BOUND('',#2049,.T.);
#2051=ADVANCED_FACE('',(#2050),#2039,.T.);
#2052=CARTESIAN_POINT('',(692.256127788,157.,-14.878011175));
#2053=DIRECTION('',(0.,0.,1.));
#2054=DIRECTION('',(1.,0.,0.));
#2055=AXIS2_PLACEMENT_3D('',#2052,#2053,#2054);
#2056=PLANE('',#2055);
#2057=CARTESIAN_POINT('',(685.056127788,120.,-14.878011175));
#2058=DIRECTION('',(0.,-1.,0.));
#2059=VECTOR('',#2058,3.);
#2060=LINE('',#2057,#2059);
#2061=EDGE_CURVE('',#855,#1299,#2060,.T.);
#2062=ORIENTED_EDGE('',*,*,#2061,.T.);
#2063=ORIENTED_EDGE('',*,*,#1304,.F.);
#2064=ORIENTED_EDGE('',*,*,#2044,.F.);
#2065=ORIENTED_EDGE('',*,*,#868,.F.);
#2066=EDGE_LOOP('',(#2062,#2063,#2064,#2065));
#2067=FACE_BOUND('',#2066,.T.);
#2068=ADVANCED_FACE('',(#2067),#2056,.T.);
#2069=CARTESIAN_POINT('',(685.056127788,157.,-12.628011175));
#2070=DIRECTION('',(1.,0.,0.));
#2071=DIRECTION('',(-0.,1.,0.));
#2072=AXIS2_PLACEMENT_3D('',#2069,#2070,#2071);
#2073=PLANE('',#2072);
#2074=ORIENTED_EDGE('',*,*,#2029,.T.);
#2075=ORIENTED_EDGE('',*,*,#1312,.F.);
#2076=ORIENTED_EDGE('',*,*,#2061,.F.);
#2077=ORIENTED_EDGE('',*,*,#860,.F.);
#2078=EDGE_LOOP('',(#2074,#2075,#2076,#2077));
#2079=FACE_BOUND('',#2078,.T.);
#2080=ADVANCED_FACE('',(#2079),#2073,.T.);
#2081=CARTESIAN_POINT('',(685.056127788,157.,-12.628011175));
#2082=DIRECTION('',(1.,0.,0.));
#2083=DIRECTION('',(-0.,1.,0.));
#2084=AXIS2_PLACEMENT_3D('',#2081,#2082,#2083);
#2085=PLANE('',#2084);
#2086=CARTESIAN_POINT('',(685.056127788,3.,-10.378011175));
#2087=DIRECTION('',(0.,-1.,0.));
#2088=VECTOR('',#2087,3.);
#2089=LINE('',#2086,#2088);
#2090=EDGE_CURVE('',#1073,#611,#2089,.T.);
#2091=ORIENTED_EDGE('',*,*,#2090,.T.);
#2092=ORIENTED_EDGE('',*,*,#616,.F.);
#2093=CARTESIAN_POINT('',(685.056127788,3.,-14.878011175));
#2094=DIRECTION('',(0.,-1.,0.));
#2095=VECTOR('',#2094,3.);
#2096=LINE('',#2093,#2095);
#2097=EDGE_CURVE('',#1081,#603,#2096,.T.);
#2098=ORIENTED_EDGE('',*,*,#2097,.F.);
#2099=ORIENTED_EDGE('',*,*,#1086,.F.);
#2100=EDGE_LOOP('',(#2091,#2092,#2098,#2099));
#2101=FACE_BOUND('',#2100,.T.);
#2102=ADVANCED_FACE('',(#2101),#2085,.T.);
#2103=CARTESIAN_POINT('',(692.256127788,157.,-14.878011175));
#2104=DIRECTION('',(0.,0.,1.));
#2105=DIRECTION('',(1.,0.,0.));
#2106=AXIS2_PLACEMENT_3D('',#2103,#2104,#2105);
#2107=PLANE('',#2106);
#2108=ORIENTED_EDGE('',*,*,#2097,.T.);
#2109=ORIENTED_EDGE('',*,*,#608,.F.);
#2110=CARTESIAN_POINT('',(699.456127788,3.,-14.878011175));
#2111=DIRECTION('',(0.,-1.,0.));
#2112=VECTOR('',#2111,3.);
#2113=LINE('',#2110,#2112);
#2114=EDGE_CURVE('',#1089,#601,#2113,.T.);
#2115=ORIENTED_EDGE('',*,*,#2114,.F.);
#2116=ORIENTED_EDGE('',*,*,#1094,.F.);
#2117=EDGE_LOOP('',(#2108,#2109,#2115,#2116));
#2118=FACE_BOUND('',#2117,.T.);
#2119=ADVANCED_FACE('',(#2118),#2107,.T.);
#2120=CARTESIAN_POINT('',(699.456127788,157.,-12.628011175));
#2121=DIRECTION('',(-1.,-0.,0.));
#2122=DIRECTION('',(0.,-1.,0.));
#2123=AXIS2_PLACEMENT_3D('',#2120,#2121,#2122);
#2124=PLANE('',#2123);
#2125=ORIENTED_EDGE('',*,*,#2114,.T.);
#2126=ORIENTED_EDGE('',*,*,#630,.F.);
#2127=CARTESIAN_POINT('',(699.456127788,3.,-10.378011175));
#2128=DIRECTION('',(0.,-1.,0.));
#2129=VECTOR('',#2128,3.);
#2130=LINE('',#2127,#2129);
#2131=EDGE_CURVE('',#1071,#619,#2130,.T.);
#2132=ORIENTED_EDGE('',*,*,#2131,.F.);
#2133=ORIENTED_EDGE('',*,*,#1100,.F.);
#2134=EDGE_LOOP('',(#2125,#2126,#2132,#2133));
#2135=FACE_BOUND('',#2134,.T.);
#2136=ADVANCED_FACE('',(#2135),#2124,.T.);
#2137=CARTESIAN_POINT('',(692.256127788,157.,-10.378011175));
#2138=DIRECTION('',(0.,0.,-1.));
#2139=DIRECTION('',(-1.,0.,-0.));
#2140=AXIS2_PLACEMENT_3D('',#2137,#2138,#2139);
#2141=PLANE('',#2140);
#2142=ORIENTED_EDGE('',*,*,#2131,.T.);
#2143=ORIENTED_EDGE('',*,*,#624,.F.);
#2144=ORIENTED_EDGE('',*,*,#2090,.F.);
#2145=ORIENTED_EDGE('',*,*,#1078,.F.);
#2146=EDGE_LOOP('',(#2142,#2143,#2144,#2145));
#2147=FACE_BOUND('',#2146,.T.);
#2148=ADVANCED_FACE('',(#2147),#2141,.T.);
#2149=CARTESIAN_POINT('',(792.256127788,157.,-10.378011175));
#2150=DIRECTION('',(0.,0.,-1.));
#2151=DIRECTION('',(-1.,0.,-0.));
#2152=AXIS2_PLACEMENT_3D('',#2149,#2150,#2151);
#2153=PLANE('',#2152);
#2154=CARTESIAN_POINT('',(799.456127788,120.,-10.378011175));
#2155=DIRECTION('',(0.,-1.,0.));
#2156=VECTOR('',#2155,3.);
#2157=LINE('',#2154,#2156);
#2158=EDGE_CURVE('',#879,#1349,#2157,.T.);
#2159=ORIENTED_EDGE('',*,*,#2158,.T.);
#2160=ORIENTED_EDGE('',*,*,#1354,.F.);
#2161=CARTESIAN_POINT('',(785.056127788,120.,-10.378011175));
#2162=DIRECTION('',(0.,-1.,0.));
#2163=VECTOR('',#2162,3.);
#2164=LINE('',#2161,#2163);
#2165=EDGE_CURVE('',#881,#1341,#2164,.T.);
#2166=ORIENTED_EDGE('',*,*,#2165,.F.);
#2167=ORIENTED_EDGE('',*,*,#886,.F.);
#2168=EDGE_LOOP('',(#2159,#2160,#2166,#2167));
#2169=FACE_BOUND('',#2168,.T.);
#2170=ADVANCED_FACE('',(#2169),#2153,.T.);
#2171=CARTESIAN_POINT('',(799.456127788,157.,-12.628011175));
#2172=DIRECTION('',(-1.,-0.,0.));
#2173=DIRECTION('',(0.,-1.,0.));
#2174=AXIS2_PLACEMENT_3D('',#2171,#2172,#2173);
#2175=PLANE('',#2174);
#2176=CARTESIAN_POINT('',(799.456127788,120.,-14.878011175));
#2177=DIRECTION('',(0.,-1.,0.));
#2178=VECTOR('',#2177,3.);
#2179=LINE('',#2176,#2178);
#2180=EDGE_CURVE('',#897,#1331,#2179,.T.);
#2181=ORIENTED_EDGE('',*,*,#2180,.T.);
#2182=ORIENTED_EDGE('',*,*,#1360,.F.);
#2183=ORIENTED_EDGE('',*,*,#2158,.F.);
#2184=ORIENTED_EDGE('',*,*,#908,.F.);
#2185=EDGE_LOOP('',(#2181,#2182,#2183,#2184));
#2186=FACE_BOUND('',#2185,.T.);
#2187=ADVANCED_FACE('',(#2186),#2175,.T.);
#2188=CARTESIAN_POINT('',(792.256127788,157.,-14.878011175));
#2189=DIRECTION('',(0.,0.,1.));
#2190=DIRECTION('',(1.,0.,0.));
#2191=AXIS2_PLACEMENT_3D('',#2188,#2189,#2190);
#2192=PLANE('',#2191);
#2193=CARTESIAN_POINT('',(785.056127788,120.,-14.878011175));
#2194=DIRECTION('',(0.,-1.,0.));
#2195=VECTOR('',#2194,3.);
#2196=LINE('',#2193,#2195);
#2197=EDGE_CURVE('',#889,#1333,#2196,.T.);
#2198=ORIENTED_EDGE('',*,*,#2197,.T.);
#2199=ORIENTED_EDGE('',*,*,#1338,.F.);
#2200=ORIENTED_EDGE('',*,*,#2180,.F.);
#2201=ORIENTED_EDGE('',*,*,#902,.F.);
#2202=EDGE_LOOP('',(#2198,#2199,#2200,#2201));
#2203=FACE_BOUND('',#2202,.T.);
#2204=ADVANCED_FACE('',(#2203),#2192,.T.);
#2205=CARTESIAN_POINT('',(785.056127788,157.,-12.628011175));
#2206=DIRECTION('',(1.,0.,0.));
#2207=DIRECTION('',(-0.,1.,0.));
#2208=AXIS2_PLACEMENT_3D('',#2205,#2206,#2207);
#2209=PLANE('',#2208);
#2210=ORIENTED_EDGE('',*,*,#2165,.T.);
#2211=ORIENTED_EDGE('',*,*,#1346,.F.);
#2212=ORIENTED_EDGE('',*,*,#2197,.F.);
#2213=ORIENTED_EDGE('',*,*,#894,.F.);
#2214=EDGE_LOOP('',(#2210,#2211,#2212,#2213));
#2215=FACE_BOUND('',#2214,.T.);
#2216=ADVANCED_FACE('',(#2215),#2209,.T.);
#2217=CARTESIAN_POINT('',(785.056127788,157.,-12.628011175));
#2218=DIRECTION('',(1.,0.,0.));
#2219=DIRECTION('',(-0.,1.,0.));
#2220=AXIS2_PLACEMENT_3D('',#2217,#2218,#2219);
#2221=PLANE('',#2220);
#2222=CARTESIAN_POINT('',(785.056127788,3.,-10.378011175));
#2223=DIRECTION('',(0.,-1.,0.));
#2224=VECTOR('',#2223,3.);
#2225=LINE('',#2222,#2224);
#2226=EDGE_CURVE('',#1107,#645,#2225,.T.);
#2227=ORIENTED_EDGE('',*,*,#2226,.T.);
#2228=ORIENTED_EDGE('',*,*,#650,.F.);
#2229=CARTESIAN_POINT('',(785.056127788,3.,-14.878011175));
#2230=DIRECTION('',(0.,-1.,0.));
#2231=VECTOR('',#2230,3.);
#2232=LINE('',#2229,#2231);
#2233=EDGE_CURVE('',#1115,#637,#2232,.T.);
#2234=ORIENTED_EDGE('',*,*,#2233,.F.);
#2235=ORIENTED_EDGE('',*,*,#1120,.F.);
#2236=EDGE_LOOP('',(#2227,#2228,#2234,#2235));
#2237=FACE_BOUND('',#2236,.T.);
#2238=ADVANCED_FACE('',(#2237),#2221,.T.);
#2239=CARTESIAN_POINT('',(792.256127788,157.,-14.878011175));
#2240=DIRECTION('',(0.,0.,1.));
#2241=DIRECTION('',(1.,0.,0.));
#2242=AXIS2_PLACEMENT_3D('',#2239,#2240,#2241);
#2243=PLANE('',#2242);
#2244=ORIENTED_EDGE('',*,*,#2233,.T.);
#2245=ORIENTED_EDGE('',*,*,#642,.F.);
#2246=CARTESIAN_POINT('',(799.456127788,3.,-14.878011175));
#2247=DIRECTION('',(0.,-1.,0.));
#2248=VECTOR('',#2247,3.);
#2249=LINE('',#2246,#2248);
#2250=EDGE_CURVE('',#1123,#635,#2249,.T.);
#2251=ORIENTED_EDGE('',*,*,#2250,.F.);
#2252=ORIENTED_EDGE('',*,*,#1128,.F.);
#2253=EDGE_LOOP('',(#2244,#2245,#2251,#2252));
#2254=FACE_BOUND('',#2253,.T.);
#2255=ADVANCED_FACE('',(#2254),#2243,.T.);
#2256=CARTESIAN_POINT('',(799.456127788,157.,-12.628011175));
#2257=DIRECTION('',(-1.,-0.,0.));
#2258=DIRECTION('',(0.,-1.,0.));
#2259=AXIS2_PLACEMENT_3D('',#2256,#2257,#2258);
#2260=PLANE('',#2259);
#2261=ORIENTED_EDGE('',*,*,#2250,.T.);
#2262=ORIENTED_EDGE('',*,*,#664,.F.);
#2263=CARTESIAN_POINT('',(799.456127788,3.,-10.378011175));
#2264=DIRECTION('',(0.,-1.,0.));
#2265=VECTOR('',#2264,3.);
#2266=LINE('',#2263,#2265);
#2267=EDGE_CURVE('',#1105,#653,#2266,.T.);
#2268=ORIENTED_EDGE('',*,*,#2267,.F.);
#2269=ORIENTED_EDGE('',*,*,#1134,.F.);
#2270=EDGE_LOOP('',(#2261,#2262,#2268,#2269));
#2271=FACE_BOUND('',#2270,.T.);
#2272=ADVANCED_FACE('',(#2271),#2260,.T.);
#2273=CARTESIAN_POINT('',(792.256127788,157.,-10.378011175));
#2274=DIRECTION('',(0.,0.,-1.));
#2275=DIRECTION('',(-1.,0.,-0.));
#2276=AXIS2_PLACEMENT_3D('',#2273,#2274,#2275);
#2277=PLANE('',#2276);
#2278=ORIENTED_EDGE('',*,*,#2267,.T.);
#2279=ORIENTED_EDGE('',*,*,#658,.F.);
#2280=ORIENTED_EDGE('',*,*,#2226,.F.);
#2281=ORIENTED_EDGE('',*,*,#1112,.F.);
#2282=EDGE_LOOP('',(#2278,#2279,#2280,#2281));
#2283=FACE_BOUND('',#2282,.T.);
#2284=ADVANCED_FACE('',(#2283),#2277,.T.);
#2285=CARTESIAN_POINT('',(842.256127788,157.,-10.378011175));
#2286=DIRECTION('',(0.,0.,-1.));
#2287=DIRECTION('',(-1.,0.,-0.));
#2288=AXIS2_PLACEMENT_3D('',#2285,#2286,#2287);
#2289=PLANE('',#2288);
#2290=CARTESIAN_POINT('',(849.456127788,120.,-10.378011175));
#2291=DIRECTION('',(0.,-1.,0.));
#2292=VECTOR('',#2291,3.);
#2293=LINE('',#2290,#2292);
#2294=EDGE_CURVE('',#913,#1383,#2293,.T.);
#2295=ORIENTED_EDGE('',*,*,#2294,.T.);
#2296=ORIENTED_EDGE('',*,*,#1388,.F.);
#2297=CARTESIAN_POINT('',(835.056127788,120.,-10.378011175));
#2298=DIRECTION('',(0.,-1.,0.));
#2299=VECTOR('',#2298,3.);
#2300=LINE('',#2297,#2299);
#2301=EDGE_CURVE('',#915,#1375,#2300,.T.);
#2302=ORIENTED_EDGE('',*,*,#2301,.F.);
#2303=ORIENTED_EDGE('',*,*,#920,.F.);
#2304=EDGE_LOOP('',(#2295,#2296,#2302,#2303));
#2305=FACE_BOUND('',#2304,.T.);
#2306=ADVANCED_FACE('',(#2305),#2289,.T.);
#2307=CARTESIAN_POINT('',(849.456127788,157.,-12.628011175));
#2308=DIRECTION('',(-1.,-0.,0.));
#2309=DIRECTION('',(0.,-1.,0.));
#2310=AXIS2_PLACEMENT_3D('',#2307,#2308,#2309);
#2311=PLANE('',#2310);
#2312=CARTESIAN_POINT('',(849.456127788,120.,-14.878011175));
#2313=DIRECTION('',(0.,-1.,0.));
#2314=VECTOR('',#2313,3.);
#2315=LINE('',#2312,#2314);
#2316=EDGE_CURVE('',#931,#1365,#2315,.T.);
#2317=ORIENTED_EDGE('',*,*,#2316,.T.);
#2318=ORIENTED_EDGE('',*,*,#1394,.F.);
#2319=ORIENTED_EDGE('',*,*,#2294,.F.);
#2320=ORIENTED_EDGE('',*,*,#942,.F.);
#2321=EDGE_LOOP('',(#2317,#2318,#2319,#2320));
#2322=FACE_BOUND('',#2321,.T.);
#2323=ADVANCED_FACE('',(#2322),#2311,.T.);
#2324=CARTESIAN_POINT('',(842.256127788,157.,-14.878011175));
#2325=DIRECTION('',(0.,0.,1.));
#2326=DIRECTION('',(1.,0.,0.));
#2327=AXIS2_PLACEMENT_3D('',#2324,#2325,#2326);
#2328=PLANE('',#2327);
#2329=CARTESIAN_POINT('',(835.056127788,120.,-14.878011175));
#2330=DIRECTION('',(0.,-1.,0.));
#2331=VECTOR('',#2330,3.);
#2332=LINE('',#2329,#2331);
#2333=EDGE_CURVE('',#923,#1367,#2332,.T.);
#2334=ORIENTED_EDGE('',*,*,#2333,.T.);
#2335=ORIENTED_EDGE('',*,*,#1372,.F.);
#2336=ORIENTED_EDGE('',*,*,#2316,.F.);
#2337=ORIENTED_EDGE('',*,*,#936,.F.);
#2338=EDGE_LOOP('',(#2334,#2335,#2336,#2337));
#2339=FACE_BOUND('',#2338,.T.);
#2340=ADVANCED_FACE('',(#2339),#2328,.T.);
#2341=CARTESIAN_POINT('',(835.056127788,157.,-12.628011175));
#2342=DIRECTION('',(1.,0.,0.));
#2343=DIRECTION('',(-0.,1.,0.));
#2344=AXIS2_PLACEMENT_3D('',#2341,#2342,#2343);
#2345=PLANE('',#2344);
#2346=ORIENTED_EDGE('',*,*,#2301,.T.);
#2347=ORIENTED_EDGE('',*,*,#1380,.F.);
#2348=ORIENTED_EDGE('',*,*,#2333,.F.);
#2349=ORIENTED_EDGE('',*,*,#928,.F.);
#2350=EDGE_LOOP('',(#2346,#2347,#2348,#2349));
#2351=FACE_BOUND('',#2350,.T.);
#2352=ADVANCED_FACE('',(#2351),#2345,.T.);
#2353=CARTESIAN_POINT('',(835.056127788,157.,-12.628011175));
#2354=DIRECTION('',(1.,0.,0.));
#2355=DIRECTION('',(-0.,1.,0.));
#2356=AXIS2_PLACEMENT_3D('',#2353,#2354,#2355);
#2357=PLANE('',#2356);
#2358=CARTESIAN_POINT('',(835.056127788,3.,-10.378011175));
#2359=DIRECTION('',(0.,-1.,0.));
#2360=VECTOR('',#2359,3.);
#2361=LINE('',#2358,#2360);
#2362=EDGE_CURVE('',#1141,#679,#2361,.T.);
#2363=ORIENTED_EDGE('',*,*,#2362,.T.);
#2364=ORIENTED_EDGE('',*,*,#684,.F.);
#2365=CARTESIAN_POINT('',(835.056127788,3.,-14.878011175));
#2366=DIRECTION('',(0.,-1.,0.));
#2367=VECTOR('',#2366,3.);
#2368=LINE('',#2365,#2367);
#2369=EDGE_CURVE('',#1149,#671,#2368,.T.);
#2370=ORIENTED_EDGE('',*,*,#2369,.F.);
#2371=ORIENTED_EDGE('',*,*,#1154,.F.);
#2372=EDGE_LOOP('',(#2363,#2364,#2370,#2371));
#2373=FACE_BOUND('',#2372,.T.);
#2374=ADVANCED_FACE('',(#2373),#2357,.T.);
#2375=CARTESIAN_POINT('',(842.256127788,157.,-14.878011175));
#2376=DIRECTION('',(0.,0.,1.));
#2377=DIRECTION('',(1.,0.,0.));
#2378=AXIS2_PLACEMENT_3D('',#2375,#2376,#2377);
#2379=PLANE('',#2378);
#2380=ORIENTED_EDGE('',*,*,#2369,.T.);
#2381=ORIENTED_EDGE('',*,*,#676,.F.);
#2382=CARTESIAN_POINT('',(849.456127788,3.,-14.878011175));
#2383=DIRECTION('',(0.,-1.,0.));
#2384=VECTOR('',#2383,3.);
#2385=LINE('',#2382,#2384);
#2386=EDGE_CURVE('',#1157,#669,#2385,.T.);
#2387=ORIENTED_EDGE('',*,*,#2386,.F.);
#2388=ORIENTED_EDGE('',*,*,#1162,.F.);
#2389=EDGE_LOOP('',(#2380,#2381,#2387,#2388));
#2390=FACE_BOUND('',#2389,.T.);
#2391=ADVANCED_FACE('',(#2390),#2379,.T.);
#2392=CARTESIAN_POINT('',(849.456127788,157.,-12.628011175));
#2393=DIRECTION('',(-1.,-0.,0.));
#2394=DIRECTION('',(0.,-1.,0.));
#2395=AXIS2_PLACEMENT_3D('',#2392,#2393,#2394);
#2396=PLANE('',#2395);
#2397=ORIENTED_EDGE('',*,*,#2386,.T.);
#2398=ORIENTED_EDGE('',*,*,#698,.F.);
#2399=CARTESIAN_POINT('',(849.456127788,3.,-10.378011175));
#2400=DIRECTION('',(0.,-1.,0.));
#2401=VECTOR('',#2400,3.);
#2402=LINE('',#2399,#2401);
#2403=EDGE_CURVE('',#1139,#687,#2402,.T.);
#2404=ORIENTED_EDGE('',*,*,#2403,.F.);
#2405=ORIENTED_EDGE('',*,*,#1168,.F.);
#2406=EDGE_LOOP('',(#2397,#2398,#2404,#2405));
#2407=FACE_BOUND('',#2406,.T.);
#2408=ADVANCED_FACE('',(#2407),#2396,.T.);
#2409=CARTESIAN_POINT('',(842.256127788,157.,-10.378011175));
#2410=DIRECTION('',(0.,0.,-1.));
#2411=DIRECTION('',(-1.,0.,-0.));
#2412=AXIS2_PLACEMENT_3D('',#2409,#2410,#2411);
#2413=PLANE('',#2412);
#2414=ORIENTED_EDGE('',*,*,#2403,.T.);
#2415=ORIENTED_EDGE('',*,*,#692,.F.);
#2416=ORIENTED_EDGE('',*,*,#2362,.F.);
#2417=ORIENTED_EDGE('',*,*,#1146,.F.);
#2418=EDGE_LOOP('',(#2414,#2415,#2416,#2417));
#2419=FACE_BOUND('',#2418,.T.);
#2420=ADVANCED_FACE('',(#2419),#2413,.T.);
#2421=CARTESIAN_POINT('',(663.6,7.8,-8.));
#2422=DIRECTION('',(0.,0.,1.));
#2423=DIRECTION('',(1.,0.,-0.));
#2424=AXIS2_PLACEMENT_3D('',#2421,#2422,#2423);
#2425=CYLINDRICAL_SURFACE('',#2424,1.5);
#2426=CARTESIAN_POINT('',(665.1,7.8,-5.));
#2427=VERTEX_POINT('',#2426);
#2428=CARTESIAN_POINT('',(665.1,7.8,-8.));
#2429=VERTEX_POINT('',#2428);
#2430=CARTESIAN_POINT('',(665.1,7.8,-5.));
#2431=DIRECTION('',(-0.,-0.,-1.));
#2432=VECTOR('',#2431,3.);
#2433=LINE('',#2430,#2432);
#2434=EDGE_CURVE('',#2427,#2429,#2433,.T.);
#2435=ORIENTED_EDGE('',*,*,#2434,.F.);
#2436=CARTESIAN_POINT('',(662.1,7.8,-5.));
#2437=VERTEX_POINT('',#2436);
#2438=CARTESIAN_POINT('',(663.6,7.8,-5.));
#2439=DIRECTION('',(-0.,-0.,1.));
#2440=DIRECTION('',(-1.,0.,0.));
#2441=AXIS2_PLACEMENT_3D('',#2438,#2439,#2440);
#2442=CIRCLE('',#2441,1.5);
#2443=EDGE_CURVE('',#2427,#2437,#2442,.T.);
#2444=ORIENTED_EDGE('',*,*,#2443,.T.);
#2445=CARTESIAN_POINT('',(663.6,7.8,-5.));
#2446=DIRECTION('',(-0.,-0.,1.));
#2447=DIRECTION('',(-1.,0.,0.));
#2448=AXIS2_PLACEMENT_3D('',#2445,#2446,#2447);
#2449=CIRCLE('',#2448,1.5);
#2450=EDGE_CURVE('',#2437,#2427,#2449,.T.);
#2451=ORIENTED_EDGE('',*,*,#2450,.T.);
#2452=ORIENTED_EDGE('',*,*,#2434,.T.);
#2453=CARTESIAN_POINT('',(662.1,7.8,-8.));
#2454=VERTEX_POINT('',#2453);
#2455=CARTESIAN_POINT('',(663.6,7.8,-8.));
#2456=DIRECTION('',(0.,0.,-1.));
#2457=DIRECTION('',(-1.,0.,0.));
#2458=AXIS2_PLACEMENT_3D('',#2455,#2456,#2457);
#2459=CIRCLE('',#2458,1.5);
#2460=EDGE_CURVE('',#2429,#2454,#2459,.T.);
#2461=ORIENTED_EDGE('',*,*,#2460,.T.);
#2462=CARTESIAN_POINT('',(663.6,7.8,-8.));
#2463=DIRECTION('',(0.,0.,-1.));
#2464=DIRECTION('',(-1.,0.,0.));
#2465=AXIS2_PLACEMENT_3D('',#2462,#2463,#2464);
#2466=CIRCLE('',#2465,1.5);
#2467=EDGE_CURVE('',#2454,#2429,#2466,.T.);
#2468=ORIENTED_EDGE('',*,*,#2467,.T.);
#2469=EDGE_LOOP('',(#2435,#2444,#2451,#2452,#2461,#2468));
#2470=FACE_BOUND('',#2469,.T.);
#2471=ADVANCED_FACE('',(#2470),#2425,.F.);
#2472=CARTESIAN_POINT('',(663.6,7.8,-8.));
#2473=DIRECTION('',(0.,0.,1.));
#2474=DIRECTION('',(1.,0.,-0.));
#2475=AXIS2_PLACEMENT_3D('',#2472,#2473,#2474);
#2476=CYLINDRICAL_SURFACE('',#2475,2.1);
#2477=CARTESIAN_POINT('',(665.7,7.8,-8.));
#2478=VERTEX_POINT('',#2477);
#2479=CARTESIAN_POINT('',(665.7,7.8,-5.));
#2480=DIRECTION('',(-0.,-0.,-1.));
#2481=VECTOR('',#2480,3.);
#2482=LINE('',#2479,#2481);
#2483=EDGE_CURVE('',#1531,#2478,#2482,.T.);
#2484=ORIENTED_EDGE('',*,*,#2483,.T.);
#2485=CARTESIAN_POINT('',(661.5,7.8,-8.));
#2486=VERTEX_POINT('',#2485);
#2487=CARTESIAN_POINT('',(663.6,7.8,-8.));
#2488=DIRECTION('',(0.,0.,-1.));
#2489=DIRECTION('',(-1.,0.,0.));
#2490=AXIS2_PLACEMENT_3D('',#2487,#2488,#2489);
#2491=CIRCLE('',#2490,2.1);
#2492=EDGE_CURVE('',#2486,#2478,#2491,.T.);
#2493=ORIENTED_EDGE('',*,*,#2492,.F.);
#2494=CARTESIAN_POINT('',(663.6,7.8,-8.));
#2495=DIRECTION('',(0.,0.,-1.));
#2496=DIRECTION('',(-1.,0.,0.));
#2497=AXIS2_PLACEMENT_3D('',#2494,#2495,#2496);
#2498=CIRCLE('',#2497,2.1);
#2499=EDGE_CURVE('',#2478,#2486,#2498,.T.);
#2500=ORIENTED_EDGE('',*,*,#2499,.F.);
#2501=ORIENTED_EDGE('',*,*,#2483,.F.);
#2502=ORIENTED_EDGE('',*,*,#1539,.T.);
#2503=ORIENTED_EDGE('',*,*,#1546,.T.);
#2504=EDGE_LOOP('',(#2484,#2493,#2500,#2501,#2502,#2503));
#2505=FACE_BOUND('',#2504,.T.);
#2506=ADVANCED_FACE('',(#2505),#2476,.T.);
#2507=CARTESIAN_POINT('',(0.,0.,-8.));
#2508=DIRECTION('',(0.,0.,-1.));
#2509=DIRECTION('',(-1.,0.,0.));
#2510=AXIS2_PLACEMENT_3D('',#2507,#2508,#2509);
#2511=PLANE('',#2510);
#2512=ORIENTED_EDGE('',*,*,#2460,.F.);
#2513=ORIENTED_EDGE('',*,*,#2467,.F.);
#2514=EDGE_LOOP('',(#2512,#2513));
#2515=FACE_BOUND('',#2514,.T.);
#2516=ORIENTED_EDGE('',*,*,#2492,.T.);
#2517=ORIENTED_EDGE('',*,*,#2499,.T.);
#2518=EDGE_LOOP('',(#2516,#2517));
#2519=FACE_BOUND('',#2518,.T.);
#2520=ADVANCED_FACE('',(#2515,#2519),#2511,.T.);
#2521=CARTESIAN_POINT('',(0.,0.,-5.));
#2522=DIRECTION('',(0.,0.,-1.));
#2523=DIRECTION('',(-1.,0.,0.));
#2524=AXIS2_PLACEMENT_3D('',#2521,#2522,#2523);
#2525=PLANE('',#2524);
#2526=ORIENTED_EDGE('',*,*,#2443,.F.);
#2527=ORIENTED_EDGE('',*,*,#2450,.F.);
#2528=EDGE_LOOP('',(#2526,#2527));
#2529=FACE_BOUND('',#2528,.T.);
#2530=ADVANCED_FACE('',(#2529),#2525,.T.);
#2531=CARTESIAN_POINT('',(663.9,97.7,-8.));
#2532=DIRECTION('',(0.,0.,1.));
#2533=DIRECTION('',(1.,0.,-0.));
#2534=AXIS2_PLACEMENT_3D('',#2531,#2532,#2533);
#2535=CYLINDRICAL_SURFACE('',#2534,1.5);
#2536=CARTESIAN_POINT('',(665.4,97.7,-5.));
#2537=VERTEX_POINT('',#2536);
#2538=CARTESIAN_POINT('',(665.4,97.7,-8.));
#2539=VERTEX_POINT('',#2538);
#2540=CARTESIAN_POINT('',(665.4,97.7,-5.));
#2541=DIRECTION('',(-0.,-0.,-1.));
#2542=VECTOR('',#2541,3.);
#2543=LINE('',#2540,#2542);
#2544=EDGE_CURVE('',#2537,#2539,#2543,.T.);
#2545=ORIENTED_EDGE('',*,*,#2544,.F.);
#2546=CARTESIAN_POINT('',(662.4,97.7,-5.));
#2547=VERTEX_POINT('',#2546);
#2548=CARTESIAN_POINT('',(663.9,97.7,-5.));
#2549=DIRECTION('',(-0.,-0.,1.));
#2550=DIRECTION('',(-1.,0.,0.));
#2551=AXIS2_PLACEMENT_3D('',#2548,#2549,#2550);
#2552=CIRCLE('',#2551,1.5);
#2553=EDGE_CURVE('',#2537,#2547,#2552,.T.);
#2554=ORIENTED_EDGE('',*,*,#2553,.T.);
#2555=CARTESIAN_POINT('',(663.9,97.7,-5.));
#2556=DIRECTION('',(-0.,-0.,1.));
#2557=DIRECTION('',(-1.,0.,0.));
#2558=AXIS2_PLACEMENT_3D('',#2555,#2556,#2557);
#2559=CIRCLE('',#2558,1.5);
#2560=EDGE_CURVE('',#2547,#2537,#2559,.T.);
#2561=ORIENTED_EDGE('',*,*,#2560,.T.);
#2562=ORIENTED_EDGE('',*,*,#2544,.T.);
#2563=CARTESIAN_POINT('',(662.4,97.7,-8.));
#2564=VERTEX_POINT('',#2563);
#2565=CARTESIAN_POINT('',(663.9,97.7,-8.));
#2566=DIRECTION('',(0.,0.,-1.));
#2567=DIRECTION('',(-1.,0.,0.));
#2568=AXIS2_PLACEMENT_3D('',#2565,#2566,#2567);
#2569=CIRCLE('',#2568,1.5);
#2570=EDGE_CURVE('',#2539,#2564,#2569,.T.);
#2571=ORIENTED_EDGE('',*,*,#2570,.T.);
#2572=CARTESIAN_POINT('',(663.9,97.7,-8.));
#2573=DIRECTION('',(0.,0.,-1.));
#2574=DIRECTION('',(-1.,0.,0.));
#2575=AXIS2_PLACEMENT_3D('',#2572,#2573,#2574);
#2576=CIRCLE('',#2575,1.5);
#2577=EDGE_CURVE('',#2564,#2539,#2576,.T.);
#2578=ORIENTED_EDGE('',*,*,#2577,.T.);
#2579=EDGE_LOOP('',(#2545,#2554,#2561,#2562,#2571,#2578));
#2580=FACE_BOUND('',#2579,.T.);
#2581=ADVANCED_FACE('',(#2580),#2535,.F.);
#2582=CARTESIAN_POINT('',(663.9,97.7,-8.));
#2583=DIRECTION('',(0.,0.,1.));
#2584=DIRECTION('',(1.,0.,-0.));
#2585=AXIS2_PLACEMENT_3D('',#2582,#2583,#2584);
#2586=CYLINDRICAL_SURFACE('',#2585,2.1);
#2587=CARTESIAN_POINT('',(666.,97.7,-8.));
#2588=VERTEX_POINT('',#2587);
#2589=CARTESIAN_POINT('',(666.,97.7,-5.));
#2590=DIRECTION('',(-0.,-0.,-1.));
#2591=VECTOR('',#2590,3.);
#2592=LINE('',#2589,#2591);
#2593=EDGE_CURVE('',#1511,#2588,#2592,.T.);
#2594=ORIENTED_EDGE('',*,*,#2593,.T.);
#2595=CARTESIAN_POINT('',(661.8,97.7,-8.));
#2596=VERTEX_POINT('',#2595);
#2597=CARTESIAN_POINT('',(663.9,97.7,-8.));
#2598=DIRECTION('',(0.,0.,-1.));
#2599=DIRECTION('',(-1.,0.,0.));
#2600=AXIS2_PLACEMENT_3D('',#2597,#2598,#2599);
#2601=CIRCLE('',#2600,2.1);
#2602=EDGE_CURVE('',#2596,#2588,#2601,.T.);
#2603=ORIENTED_EDGE('',*,*,#2602,.F.);
#2604=CARTESIAN_POINT('',(663.9,97.7,-8.));
#2605=DIRECTION('',(0.,0.,-1.));
#2606=DIRECTION('',(-1.,0.,0.));
#2607=AXIS2_PLACEMENT_3D('',#2604,#2605,#2606);
#2608=CIRCLE('',#2607,2.1);
#2609=EDGE_CURVE('',#2588,#2596,#2608,.T.);
#2610=ORIENTED_EDGE('',*,*,#2609,.F.);
#2611=ORIENTED_EDGE('',*,*,#2593,.F.);
#2612=ORIENTED_EDGE('',*,*,#1519,.T.);
#2613=ORIENTED_EDGE('',*,*,#1526,.T.);
#2614=EDGE_LOOP('',(#2594,#2603,#2610,#2611,#2612,#2613));
#2615=FACE_BOUND('',#2614,.T.);
#2616=ADVANCED_FACE('',(#2615),#2586,.T.);
#2617=CARTESIAN_POINT('',(0.,0.,-8.));
#2618=DIRECTION('',(0.,0.,-1.));
#2619=DIRECTION('',(-1.,0.,0.));
#2620=AXIS2_PLACEMENT_3D('',#2617,#2618,#2619);
#2621=PLANE('',#2620);
#2622=ORIENTED_EDGE('',*,*,#2570,.F.);
#2623=ORIENTED_EDGE('',*,*,#2577,.F.);
#2624=EDGE_LOOP('',(#2622,#2623));
#2625=FACE_BOUND('',#2624,.T.);
#2626=ORIENTED_EDGE('',*,*,#2602,.T.);
#2627=ORIENTED_EDGE('',*,*,#2609,.T.);
#2628=EDGE_LOOP('',(#2626,#2627));
#2629=FACE_BOUND('',#2628,.T.);
#2630=ADVANCED_FACE('',(#2625,#2629),#2621,.T.);
#2631=CARTESIAN_POINT('',(0.,0.,-5.));
#2632=DIRECTION('',(0.,0.,-1.));
#2633=DIRECTION('',(-1.,0.,0.));
#2634=AXIS2_PLACEMENT_3D('',#2631,#2632,#2633);
#2635=PLANE('',#2634);
#2636=ORIENTED_EDGE('',*,*,#2553,.F.);
#2637=ORIENTED_EDGE('',*,*,#2560,.F.);
#2638=EDGE_LOOP('',(#2636,#2637));
#2639=FACE_BOUND('',#2638,.T.);
#2640=ADVANCED_FACE('',(#2639),#2635,.T.);
#2641=CARTESIAN_POINT('',(867.5,8.,-8.));
#2642=DIRECTION('',(0.,0.,1.));
#2643=DIRECTION('',(1.,0.,-0.));
#2644=AXIS2_PLACEMENT_3D('',#2641,#2642,#2643);
#2645=CYLINDRICAL_SURFACE('',#2644,1.5);
#2646=CARTESIAN_POINT('',(869.,8.,-5.));
#2647=VERTEX_POINT('',#2646);
#2648=CARTESIAN_POINT('',(869.,8.,-8.));
#2649=VERTEX_POINT('',#2648);
#2650=CARTESIAN_POINT('',(869.,8.,-5.));
#2651=DIRECTION('',(-0.,-0.,-1.));
#2652=VECTOR('',#2651,3.);
#2653=LINE('',#2650,#2652);
#2654=EDGE_CURVE('',#2647,#2649,#2653,.T.);
#2655=ORIENTED_EDGE('',*,*,#2654,.F.);
#2656=CARTESIAN_POINT('',(866.,8.,-5.));
#2657=VERTEX_POINT('',#2656);
#2658=CARTESIAN_POINT('',(867.5,8.,-5.));
#2659=DIRECTION('',(-0.,-0.,1.));
#2660=DIRECTION('',(-1.,0.,0.));
#2661=AXIS2_PLACEMENT_3D('',#2658,#2659,#2660);
#2662=CIRCLE('',#2661,1.5);
#2663=EDGE_CURVE('',#2647,#2657,#2662,.T.);
#2664=ORIENTED_EDGE('',*,*,#2663,.T.);
#2665=CARTESIAN_POINT('',(867.5,8.,-5.));
#2666=DIRECTION('',(-0.,-0.,1.));
#2667=DIRECTION('',(-1.,0.,0.));
#2668=AXIS2_PLACEMENT_3D('',#2665,#2666,#2667);
#2669=CIRCLE('',#2668,1.5);
#2670=EDGE_CURVE('',#2657,#2647,#2669,.T.);
#2671=ORIENTED_EDGE('',*,*,#2670,.T.);
#2672=ORIENTED_EDGE('',*,*,#2654,.T.);
#2673=CARTESIAN_POINT('',(866.,8.,-8.));
#2674=VERTEX_POINT('',#2673);
#2675=CARTESIAN_POINT('',(867.5,8.,-8.));
#2676=DIRECTION('',(0.,0.,-1.));
#2677=DIRECTION('',(-1.,0.,0.));
#2678=AXIS2_PLACEMENT_3D('',#2675,#2676,#2677);
#2679=CIRCLE('',#2678,1.5);
#2680=EDGE_CURVE('',#2649,#2674,#2679,.T.);
#2681=ORIENTED_EDGE('',*,*,#2680,.T.);
#2682=CARTESIAN_POINT('',(867.5,8.,-8.));
#2683=DIRECTION('',(0.,0.,-1.));
#2684=DIRECTION('',(-1.,0.,0.));
#2685=AXIS2_PLACEMENT_3D('',#2682,#2683,#2684);
#2686=CIRCLE('',#2685,1.5);
#2687=EDGE_CURVE('',#2674,#2649,#2686,.T.);
#2688=ORIENTED_EDGE('',*,*,#2687,.T.);
#2689=EDGE_LOOP('',(#2655,#2664,#2671,#2672,#2681,#2688));
#2690=FACE_BOUND('',#2689,.T.);
#2691=ADVANCED_FACE('',(#2690),#2645,.F.);
#2692=CARTESIAN_POINT('',(867.5,8.,-8.));
#2693=DIRECTION('',(0.,0.,1.));
#2694=DIRECTION('',(1.,0.,-0.));
#2695=AXIS2_PLACEMENT_3D('',#2692,#2693,#2694);
#2696=CYLINDRICAL_SURFACE('',#2695,2.1);
#2697=CARTESIAN_POINT('',(869.6,8.,-8.));
#2698=VERTEX_POINT('',#2697);
#2699=CARTESIAN_POINT('',(869.6,8.,-5.));
#2700=DIRECTION('',(-0.,-0.,-1.));
#2701=VECTOR('',#2700,3.);
#2702=LINE('',#2699,#2701);
#2703=EDGE_CURVE('',#1491,#2698,#2702,.T.);
#2704=ORIENTED_EDGE('',*,*,#2703,.T.);
#2705=CARTESIAN_POINT('',(865.4,8.,-8.));
#2706=VERTEX_POINT('',#2705);
#2707=CARTESIAN_POINT('',(867.5,8.,-8.));
#2708=DIRECTION('',(0.,0.,-1.));
#2709=DIRECTION('',(-1.,0.,0.));
#2710=AXIS2_PLACEMENT_3D('',#2707,#2708,#2709);
#2711=CIRCLE('',#2710,2.1);
#2712=EDGE_CURVE('',#2706,#2698,#2711,.T.);
#2713=ORIENTED_EDGE('',*,*,#2712,.F.);
#2714=CARTESIAN_POINT('',(867.5,8.,-8.));
#2715=DIRECTION('',(0.,0.,-1.));
#2716=DIRECTION('',(-1.,0.,0.));
#2717=AXIS2_PLACEMENT_3D('',#2714,#2715,#2716);
#2718=CIRCLE('',#2717,2.1);
#2719=EDGE_CURVE('',#2698,#2706,#2718,.T.);
#2720=ORIENTED_EDGE('',*,*,#2719,.F.);
#2721=ORIENTED_EDGE('',*,*,#2703,.F.);
#2722=ORIENTED_EDGE('',*,*,#1499,.T.);
#2723=ORIENTED_EDGE('',*,*,#1506,.T.);
#2724=EDGE_LOOP('',(#2704,#2713,#2720,#2721,#2722,#2723));
#2725=FACE_BOUND('',#2724,.T.);
#2726=ADVANCED_FACE('',(#2725),#2696,.T.);
#2727=CARTESIAN_POINT('',(0.,0.,-8.));
#2728=DIRECTION('',(0.,0.,-1.));
#2729=DIRECTION('',(-1.,0.,0.));
#2730=AXIS2_PLACEMENT_3D('',#2727,#2728,#2729);
#2731=PLANE('',#2730);
#2732=ORIENTED_EDGE('',*,*,#2680,.F.);
#2733=ORIENTED_EDGE('',*,*,#2687,.F.);
#2734=EDGE_LOOP('',(#2732,#2733));
#2735=FACE_BOUND('',#2734,.T.);
#2736=ORIENTED_EDGE('',*,*,#2712,.T.);
#2737=ORIENTED_EDGE('',*,*,#2719,.T.);
#2738=EDGE_LOOP('',(#2736,#2737));
#2739=FACE_BOUND('',#2738,.T.);
#2740=ADVANCED_FACE('',(#2735,#2739),#2731,.T.);
#2741=CARTESIAN_POINT('',(0.,0.,-5.));
#2742=DIRECTION('',(0.,0.,-1.));
#2743=DIRECTION('',(-1.,0.,0.));
#2744=AXIS2_PLACEMENT_3D('',#2741,#2742,#2743);
#2745=PLANE('',#2744);
#2746=ORIENTED_EDGE('',*,*,#2663,.F.);
#2747=ORIENTED_EDGE('',*,*,#2670,.F.);
#2748=EDGE_LOOP('',(#2746,#2747));
#2749=FACE_BOUND('',#2748,.T.);
#2750=ADVANCED_FACE('',(#2749),#2745,.T.);
#2751=CARTESIAN_POINT('',(977.,27.,-9.75));
#2752=DIRECTION('',(0.,-0.,-1.));
#2753=DIRECTION('',(0.,1.,-0.));
#2754=AXIS2_PLACEMENT_3D('',#2751,#2752,#2753);
#2755=PLANE('',#2754);
#2756=CARTESIAN_POINT('',(623.,19.8,-9.75));
#2757=DIRECTION('',(-1.,0.,0.));
#2758=VECTOR('',#2757,3.);
#2759=LINE('',#2756,#2758);
#2760=EDGE_CURVE('',#391,#85,#2759,.T.);
#2761=ORIENTED_EDGE('',*,*,#2760,.T.);
#2762=ORIENTED_EDGE('',*,*,#90,.F.);
#2763=CARTESIAN_POINT('',(623.,34.2,-9.75));
#2764=DIRECTION('',(-1.,0.,0.));
#2765=VECTOR('',#2764,3.);
#2766=LINE('',#2763,#2765);
#2767=EDGE_CURVE('',#393,#77,#2766,.T.);
#2768=ORIENTED_EDGE('',*,*,#2767,.F.);
#2769=ORIENTED_EDGE('',*,*,#398,.F.);
#2770=EDGE_LOOP('',(#2761,#2762,#2768,#2769));
#2771=FACE_BOUND('',#2770,.T.);
#2772=ADVANCED_FACE('',(#2771),#2755,.T.);
#2773=CARTESIAN_POINT('',(977.,19.8,-12.));
#2774=DIRECTION('',(0.,1.,-0.));
#2775=DIRECTION('',(0.,0.,1.));
#2776=AXIS2_PLACEMENT_3D('',#2773,#2774,#2775);
#2777=PLANE('',#2776);
#2778=CARTESIAN_POINT('',(623.,19.8,-14.25));
#2779=DIRECTION('',(-1.,0.,0.));
#2780=VECTOR('',#2779,3.);
#2781=LINE('',#2778,#2780);
#2782=EDGE_CURVE('',#409,#67,#2781,.T.);
#2783=ORIENTED_EDGE('',*,*,#2782,.T.);
#2784=ORIENTED_EDGE('',*,*,#96,.F.);
#2785=ORIENTED_EDGE('',*,*,#2760,.F.);
#2786=ORIENTED_EDGE('',*,*,#420,.F.);
#2787=EDGE_LOOP('',(#2783,#2784,#2785,#2786));
#2788=FACE_BOUND('',#2787,.T.);
#2789=ADVANCED_FACE('',(#2788),#2777,.T.);
#2790=CARTESIAN_POINT('',(977.,27.,-14.25));
#2791=DIRECTION('',(0.,0.,1.));
#2792=DIRECTION('',(0.,-1.,0.));
#2793=AXIS2_PLACEMENT_3D('',#2790,#2791,#2792);
#2794=PLANE('',#2793);
#2795=CARTESIAN_POINT('',(623.,34.2,-14.25));
#2796=DIRECTION('',(-1.,0.,0.));
#2797=VECTOR('',#2796,3.);
#2798=LINE('',#2795,#2797);
#2799=EDGE_CURVE('',#401,#69,#2798,.T.);
#2800=ORIENTED_EDGE('',*,*,#2799,.T.);
#2801=ORIENTED_EDGE('',*,*,#74,.F.);
#2802=ORIENTED_EDGE('',*,*,#2782,.F.);
#2803=ORIENTED_EDGE('',*,*,#414,.F.);
#2804=EDGE_LOOP('',(#2800,#2801,#2802,#2803));
#2805=FACE_BOUND('',#2804,.T.);
#2806=ADVANCED_FACE('',(#2805),#2794,.T.);
#2807=CARTESIAN_POINT('',(977.,34.2,-12.));
#2808=DIRECTION('',(0.,-1.,0.));
#2809=DIRECTION('',(0.,0.,-1.));
#2810=AXIS2_PLACEMENT_3D('',#2807,#2808,#2809);
#2811=PLANE('',#2810);
#2812=ORIENTED_EDGE('',*,*,#2767,.T.);
#2813=ORIENTED_EDGE('',*,*,#82,.F.);
#2814=ORIENTED_EDGE('',*,*,#2799,.F.);
#2815=ORIENTED_EDGE('',*,*,#406,.F.);
#2816=EDGE_LOOP('',(#2812,#2813,#2814,#2815));
#2817=FACE_BOUND('',#2816,.T.);
#2818=ADVANCED_FACE('',(#2817),#2811,.T.);
#2819=CARTESIAN_POINT('',(977.,34.2,-12.));
#2820=DIRECTION('',(0.,-1.,0.));
#2821=DIRECTION('',(0.,0.,-1.));
#2822=AXIS2_PLACEMENT_3D('',#2819,#2820,#2821);
#2823=PLANE('',#2822);
#2824=CARTESIAN_POINT('',(920.,34.2,-9.75));
#2825=DIRECTION('',(-1.,0.,0.));
#2826=VECTOR('',#2825,3.);
#2827=LINE('',#2824,#2826);
#2828=EDGE_CURVE('',#177,#293,#2827,.T.);
#2829=ORIENTED_EDGE('',*,*,#2828,.T.);
#2830=ORIENTED_EDGE('',*,*,#298,.F.);
#2831=CARTESIAN_POINT('',(920.,34.2,-14.25));
#2832=DIRECTION('',(-1.,0.,0.));
#2833=VECTOR('',#2832,3.);
#2834=LINE('',#2831,#2833);
#2835=EDGE_CURVE('',#185,#285,#2834,.T.);
#2836=ORIENTED_EDGE('',*,*,#2835,.F.);
#2837=ORIENTED_EDGE('',*,*,#190,.F.);
#2838=EDGE_LOOP('',(#2829,#2830,#2836,#2837));
#2839=FACE_BOUND('',#2838,.T.);
#2840=ADVANCED_FACE('',(#2839),#2823,.T.);
#2841=CARTESIAN_POINT('',(977.,27.,-14.25));
#2842=DIRECTION('',(0.,0.,1.));
#2843=DIRECTION('',(0.,-1.,0.));
#2844=AXIS2_PLACEMENT_3D('',#2841,#2842,#2843);
#2845=PLANE('',#2844);
#2846=ORIENTED_EDGE('',*,*,#2835,.T.);
#2847=ORIENTED_EDGE('',*,*,#290,.F.);
#2848=CARTESIAN_POINT('',(920.,19.8,-14.25));
#2849=DIRECTION('',(-1.,0.,0.));
#2850=VECTOR('',#2849,3.);
#2851=LINE('',#2848,#2850);
#2852=EDGE_CURVE('',#193,#283,#2851,.T.);
#2853=ORIENTED_EDGE('',*,*,#2852,.F.);
#2854=ORIENTED_EDGE('',*,*,#198,.F.);
#2855=EDGE_LOOP('',(#2846,#2847,#2853,#2854));
#2856=FACE_BOUND('',#2855,.T.);
#2857=ADVANCED_FACE('',(#2856),#2845,.T.);
#2858=CARTESIAN_POINT('',(977.,19.8,-12.));
#2859=DIRECTION('',(0.,1.,-0.));
#2860=DIRECTION('',(0.,0.,1.));
#2861=AXIS2_PLACEMENT_3D('',#2858,#2859,#2860);
#2862=PLANE('',#2861);
#2863=ORIENTED_EDGE('',*,*,#2852,.T.);
#2864=ORIENTED_EDGE('',*,*,#312,.F.);
#2865=CARTESIAN_POINT('',(920.,19.8,-9.75));
#2866=DIRECTION('',(-1.,0.,0.));
#2867=VECTOR('',#2866,3.);
#2868=LINE('',#2865,#2867);
#2869=EDGE_CURVE('',#175,#301,#2868,.T.);
#2870=ORIENTED_EDGE('',*,*,#2869,.F.);
#2871=ORIENTED_EDGE('',*,*,#204,.F.);
#2872=EDGE_LOOP('',(#2863,#2864,#2870,#2871));
#2873=FACE_BOUND('',#2872,.T.);
#2874=ADVANCED_FACE('',(#2873),#2862,.T.);
#2875=CARTESIAN_POINT('',(977.,27.,-9.75));
#2876=DIRECTION('',(0.,-0.,-1.));
#2877=DIRECTION('',(0.,1.,-0.));
#2878=AXIS2_PLACEMENT_3D('',#2875,#2876,#2877);
#2879=PLANE('',#2878);
#2880=ORIENTED_EDGE('',*,*,#2869,.T.);
#2881=ORIENTED_EDGE('',*,*,#306,.F.);
#2882=ORIENTED_EDGE('',*,*,#2828,.F.);
#2883=ORIENTED_EDGE('',*,*,#182,.F.);
#2884=EDGE_LOOP('',(#2880,#2881,#2882,#2883));
#2885=FACE_BOUND('',#2884,.T.);
#2886=ADVANCED_FACE('',(#2885),#2879,.T.);
#2887=CARTESIAN_POINT('',(977.,87.,-9.75));
#2888=DIRECTION('',(0.,-0.,-1.));
#2889=DIRECTION('',(0.,1.,-0.));
#2890=AXIS2_PLACEMENT_3D('',#2887,#2888,#2889);
#2891=PLANE('',#2890);
#2892=CARTESIAN_POINT('',(623.,79.8,-9.75));
#2893=DIRECTION('',(-1.,0.,0.));
#2894=VECTOR('',#2893,3.);
#2895=LINE('',#2892,#2894);
#2896=EDGE_CURVE('',#425,#119,#2895,.T.);
#2897=ORIENTED_EDGE('',*,*,#2896,.T.);
#2898=ORIENTED_EDGE('',*,*,#124,.F.);
#2899=CARTESIAN_POINT('',(623.,94.2,-9.75));
#2900=DIRECTION('',(-1.,0.,0.));
#2901=VECTOR('',#2900,3.);
#2902=LINE('',#2899,#2901);
#2903=EDGE_CURVE('',#427,#111,#2902,.T.);
#2904=ORIENTED_EDGE('',*,*,#2903,.F.);
#2905=ORIENTED_EDGE('',*,*,#432,.F.);
#2906=EDGE_LOOP('',(#2897,#2898,#2904,#2905));
#2907=FACE_BOUND('',#2906,.T.);
#2908=ADVANCED_FACE('',(#2907),#2891,.T.);
#2909=CARTESIAN_POINT('',(977.,79.8,-12.));
#2910=DIRECTION('',(0.,1.,0.));
#2911=DIRECTION('',(0.,0.,1.));
#2912=AXIS2_PLACEMENT_3D('',#2909,#2910,#2911);
#2913=PLANE('',#2912);
#2914=CARTESIAN_POINT('',(623.,79.8,-14.25));
#2915=DIRECTION('',(-1.,0.,0.));
#2916=VECTOR('',#2915,3.);
#2917=LINE('',#2914,#2916);
#2918=EDGE_CURVE('',#443,#101,#2917,.T.);
#2919=ORIENTED_EDGE('',*,*,#2918,.T.);
#2920=ORIENTED_EDGE('',*,*,#130,.F.);
#2921=ORIENTED_EDGE('',*,*,#2896,.F.);
#2922=ORIENTED_EDGE('',*,*,#454,.F.);
#2923=EDGE_LOOP('',(#2919,#2920,#2921,#2922));
#2924=FACE_BOUND('',#2923,.T.);
#2925=ADVANCED_FACE('',(#2924),#2913,.T.);
#2926=CARTESIAN_POINT('',(977.,87.,-14.25));
#2927=DIRECTION('',(0.,0.,1.));
#2928=DIRECTION('',(0.,-1.,0.));
#2929=AXIS2_PLACEMENT_3D('',#2926,#2927,#2928);
#2930=PLANE('',#2929);
#2931=CARTESIAN_POINT('',(623.,94.2,-14.25));
#2932=DIRECTION('',(-1.,0.,0.));
#2933=VECTOR('',#2932,3.);
#2934=LINE('',#2931,#2933);
#2935=EDGE_CURVE('',#435,#103,#2934,.T.);
#2936=ORIENTED_EDGE('',*,*,#2935,.T.);
#2937=ORIENTED_EDGE('',*,*,#108,.F.);
#2938=ORIENTED_EDGE('',*,*,#2918,.F.);
#2939=ORIENTED_EDGE('',*,*,#448,.F.);
#2940=EDGE_LOOP('',(#2936,#2937,#2938,#2939));
#2941=FACE_BOUND('',#2940,.T.);
#2942=ADVANCED_FACE('',(#2941),#2930,.T.);
#2943=CARTESIAN_POINT('',(977.,94.2,-12.));
#2944=DIRECTION('',(0.,-1.,0.));
#2945=DIRECTION('',(0.,0.,-1.));
#2946=AXIS2_PLACEMENT_3D('',#2943,#2944,#2945);
#2947=PLANE('',#2946);
#2948=ORIENTED_EDGE('',*,*,#2903,.T.);
#2949=ORIENTED_EDGE('',*,*,#116,.F.);
#2950=ORIENTED_EDGE('',*,*,#2935,.F.);
#2951=ORIENTED_EDGE('',*,*,#440,.F.);
#2952=EDGE_LOOP('',(#2948,#2949,#2950,#2951));
#2953=FACE_BOUND('',#2952,.T.);
#2954=ADVANCED_FACE('',(#2953),#2947,.T.);
#2955=CARTESIAN_POINT('',(977.,94.2,-12.));
#2956=DIRECTION('',(0.,-1.,0.));
#2957=DIRECTION('',(0.,0.,-1.));
#2958=AXIS2_PLACEMENT_3D('',#2955,#2956,#2957);
#2959=PLANE('',#2958);
#2960=CARTESIAN_POINT('',(920.,94.2,-9.75));
#2961=DIRECTION('',(-1.,0.,0.));
#2962=VECTOR('',#2961,3.);
#2963=LINE('',#2960,#2962);
#2964=EDGE_CURVE('',#211,#327,#2963,.T.);
#2965=ORIENTED_EDGE('',*,*,#2964,.T.);
#2966=ORIENTED_EDGE('',*,*,#332,.F.);
#2967=CARTESIAN_POINT('',(920.,94.2,-14.25));
#2968=DIRECTION('',(-1.,0.,0.));
#2969=VECTOR('',#2968,3.);
#2970=LINE('',#2967,#2969);
#2971=EDGE_CURVE('',#219,#319,#2970,.T.);
#2972=ORIENTED_EDGE('',*,*,#2971,.F.);
#2973=ORIENTED_EDGE('',*,*,#224,.F.);
#2974=EDGE_LOOP('',(#2965,#2966,#2972,#2973));
#2975=FACE_BOUND('',#2974,.T.);
#2976=ADVANCED_FACE('',(#2975),#2959,.T.);
#2977=CARTESIAN_POINT('',(977.,87.,-14.25));
#2978=DIRECTION('',(0.,0.,1.));
#2979=DIRECTION('',(0.,-1.,0.));
#2980=AXIS2_PLACEMENT_3D('',#2977,#2978,#2979);
#2981=PLANE('',#2980);
#2982=ORIENTED_EDGE('',*,*,#2971,.T.);
#2983=ORIENTED_EDGE('',*,*,#324,.F.);
#2984=CARTESIAN_POINT('',(920.,79.8,-14.25));
#2985=DIRECTION('',(-1.,0.,0.));
#2986=VECTOR('',#2985,3.);
#2987=LINE('',#2984,#2986);
#2988=EDGE_CURVE('',#227,#317,#2987,.T.);
#2989=ORIENTED_EDGE('',*,*,#2988,.F.);
#2990=ORIENTED_EDGE('',*,*,#232,.F.);
#2991=EDGE_LOOP('',(#2982,#2983,#2989,#2990));
#2992=FACE_BOUND('',#2991,.T.);
#2993=ADVANCED_FACE('',(#2992),#2981,.T.);
#2994=CARTESIAN_POINT('',(977.,79.8,-12.));
#2995=DIRECTION('',(0.,1.,0.));
#2996=DIRECTION('',(0.,0.,1.));
#2997=AXIS2_PLACEMENT_3D('',#2994,#2995,#2996);
#2998=PLANE('',#2997);
#2999=ORIENTED_EDGE('',*,*,#2988,.T.);
#3000=ORIENTED_EDGE('',*,*,#346,.F.);
#3001=CARTESIAN_POINT('',(920.,79.8,-9.75));
#3002=DIRECTION('',(-1.,0.,0.));
#3003=VECTOR('',#3002,3.);
#3004=LINE('',#3001,#3003);
#3005=EDGE_CURVE('',#209,#335,#3004,.T.);
#3006=ORIENTED_EDGE('',*,*,#3005,.F.);
#3007=ORIENTED_EDGE('',*,*,#238,.F.);
#3008=EDGE_LOOP('',(#2999,#3000,#3006,#3007));
#3009=FACE_BOUND('',#3008,.T.);
#3010=ADVANCED_FACE('',(#3009),#2998,.T.);
#3011=CARTESIAN_POINT('',(977.,87.,-9.75));
#3012=DIRECTION('',(0.,-0.,-1.));
#3013=DIRECTION('',(0.,1.,-0.));
#3014=AXIS2_PLACEMENT_3D('',#3011,#3012,#3013);
#3015=PLANE('',#3014);
#3016=ORIENTED_EDGE('',*,*,#3005,.T.);
#3017=ORIENTED_EDGE('',*,*,#340,.F.);
#3018=ORIENTED_EDGE('',*,*,#2964,.F.);
#3019=ORIENTED_EDGE('',*,*,#216,.F.);
#3020=EDGE_LOOP('',(#3016,#3017,#3018,#3019));
#3021=FACE_BOUND('',#3020,.T.);
#3022=ADVANCED_FACE('',(#3021),#3015,.T.);
#3023=CLOSED_SHELL('',(#134,#242,#350,#458,#702,#946,#1172,#1398,#1438,#1484,#1556,#1568,#1580,#1592,#1604,#1626,#1643,#1660,#1672,#1694,#1711,#1728,#1740,#1762,#1779,#1796,
#1808,#1830,#1847,#1864,#1876,#1898,#1915,#1932,#1944,#1966,#1983,#2000,#2012,#2034,#2051,#2068,#2080,#2102,#2119,#2136,#2148,#2170,#2187,#2204,#2216,
#2238,#2255,#2272,#2284,#2306,#2323,#2340,#2352,#2374,#2391,#2408,#2420,#2471,#2506,#2520,#2530,#2581,#2616,#2630,#2640,#2691,#2726,#2740,#2750,#2772,
#2789,#2806,#2818,#2840,#2857,#2874,#2886,#2908,#2925,#2942,#2954,#2976,#2993,#3010,#3022));
#3024=MANIFOLD_SOLID_BREP('Body 381',#3023);
#3025=COLOUR_RGB('',0.627451003,0.627451003,0.643137276);
#3026=FILL_AREA_STYLE_COLOUR('',#3025);
#3027=FILL_AREA_STYLE('',(#3026));
#3028=SURFACE_STYLE_FILL_AREA(#3027);
#3029=SURFACE_SIDE_STYLE('',(#3028));
#3030=SURFACE_STYLE_USAGE(.BOTH.,#3029);
#3031=PRESENTATION_STYLE_ASSIGNMENT((#3030));
#26=STYLED_ITEM('',(#3031),#3024);
#16=SHAPE_REPRESENTATION('root',(#15),#10);
#17=ADVANCED_BREP_SHAPE_REPRESENTATION('root',(#3024),#10);
#3039=SHAPE_REPRESENTATION_RELATIONSHIP('','',#16,#17);
#3040=CARTESIAN_POINT('',(0.,0.,0.));
#3041=DIRECTION('',(0.,0.,1.));
#3042=DIRECTION('',(1.,0.,0.));
#3043=AXIS2_PLACEMENT_3D('',#3040,#3041,#3042);
#3045=MAPPED_ITEM('',#3044,#3043);
#3044=REPRESENTATION_MAP(#3043,#16);
#3046=APPLICATION_CONTEXT('Managed model based 3d engineering');
#3047=APPLICATION_PROTOCOL_DEFINITION('international standard','ap242_managed_model_based_3d_engineering',2014,#3046);
#3048=PRODUCT_CONTEXT('',#3046,'mechanical');
#3049=PRODUCT_DEFINITION_CONTEXT('part definition',#3046,'design');
#24=PRODUCT('root','root','',(#3048));
#3050=PRODUCT_RELATED_PRODUCT_CATEGORY('part','',(#24));
#3051=PRODUCT_DEFINITION_FORMATION_WITH_SPECIFIED_SOURCE('','',#24,.NOT_KNOWN.);
#25=PRODUCT_DEFINITION('design','',#3051,#3049);
#23=PRODUCT_DEFINITION_SHAPE('','',#25);
#3052=SHAPE_DEFINITION_REPRESENTATION(#23,#16);
#11=DRAUGHTING_MODEL('',(#3045),#10);
#3053=DESCRIPTIVE_REPRESENTATION_ITEM('KEY','C:\\Users\\cybdo\\AppData\\Local\\Packages\\Shapr3D.Shapr3D_j403pzjkqtqbj\\TempState\\96ec97e9-3c85-48cd-a3c9-1a938bbd9985.tmp');
#3054=PROPERTY_DEFINITION('KEY','',#25);
#3055=REPRESENTATION('',(#3053),#10);
#3056=PROPERTY_DEFINITION_REPRESENTATION(#3054,#3055);
#3057=GENERAL_PROPERTY('','KEY','');
#3058=GENERAL_PROPERTY_ASSOCIATION('','',#3057,#3054);
#1=MECHANICAL_DESIGN_GEOMETRIC_PRESENTATION_REPRESENTATION('',(#26),#10);
ENDSEC;
END-ISO-10303-21;
